{
  "parent": "pvp:extra/root",
  "display": {
    "icon": {
      "item": "chest"
    },
    "title": {
      "text": "圣诞礼物！"
    },
    "description": [
      {
        "text": "2022年圣诞节。",
        "color": "white"
      },
      {
        "text": "\n收集完成，新年到！",
        "color": "gray",
        "italic": true
      }
    ],
    "frame": "task",
    "show_toast": true,
    "announce_to_chat": true,
    "hidden": false
  },
  "criteria": {
    "01": {
      "trigger": "location",
      "conditions": {
        "player": [
          {
            "scores": {
              "xmas_all": {
                "min": 1
              }
            },
            "condition": "entity_scores",
            "entity": "this"
          }
        ]
      }
    },
    "02": {
      "trigger": "location",
      "conditions": {
        "player": [
          {
            "scores": {
              "xmas_all": {
                "min": 2
              }
            },
            "condition": "entity_scores",
            "entity": "this"
          }
        ]
      }
    },
    "03": {
      "trigger": "location",
      "conditions": {
        "player": [
          {
            "scores": {
              "xmas_all": {
                "min": 3
              }
            },
            "condition": "entity_scores",
            "entity": "this"
          }
        ]
      }
    },
    "04": {
      "trigger": "location",
      "conditions": {
        "player": [
          {
            "scores": {
              "xmas_all": {
                "min": 4
              }
            },
            "condition": "entity_scores",
            "entity": "this"
          }
        ]
      }
    },
    "05": {
      "trigger": "location",
      "conditions": {
        "player": [
          {
            "scores": {
              "xmas_all": {
                "min": 5
              }
            },
            "condition": "entity_scores",
            "entity": "this"
          }
        ]
      }
    },
    "06": {
      "trigger": "location",
      "conditions": {
        "player": [
          {
            "scores": {
              "xmas_all": {
                "min": 6
              }
            },
            "condition": "entity_scores",
            "entity": "this"
          }
        ]
      }
    },
    "07": {
      "trigger": "location",
      "conditions": {
        "player": [
          {
            "scores": {
              "xmas_all": {
                "min": 7
              }
            },
            "condition": "entity_scores",
            "entity": "this"
          }
        ]
      }
    },
    "08": {
      "trigger": "location",
      "conditions": {
        "player": [
          {
            "scores": {
              "xmas_all": {
                "min": 8
              }
            },
            "condition": "entity_scores",
            "entity": "this"
          }
        ]
      }
    },
    "09": {
      "trigger": "location",
      "conditions": {
        "player": [
          {
            "scores": {
              "xmas_all": {
                "min": 9
              }
            },
            "condition": "entity_scores",
            "entity": "this"
          }
        ]
      }
    },
    "10": {
      "trigger": "location",
      "conditions": {
        "player": [
          {
            "scores": {
              "xmas_all": {
                "min": 10
              }
            },
            "condition": "entity_scores",
            "entity": "this"
          }
        ]
      }
    },
    "11": {
      "trigger": "location",
      "conditions": {
        "player": [
          {
            "scores": {
              "xmas_all": {
                "min": 11
              }
            },
            "condition": "entity_scores",
            "entity": "this"
          }
        ]
      }
    },
    "12": {
      "trigger": "location",
      "conditions": {
        "player": [
          {
            "scores": {
              "xmas_all": {
                "min": 12
              }
            },
            "condition": "entity_scores",
            "entity": "this"
          }
        ]
      }
    },
    "13": {
      "trigger": "location",
      "conditions": {
        "player": [
          {
            "scores": {
              "xmas_all": {
                "min": 13
              }
            },
            "condition": "entity_scores",
            "entity": "this"
          }
        ]
      }
    },
    "14": {
      "trigger": "location",
      "conditions": {
        "player": [
          {
            "scores": {
              "xmas_all": {
                "min": 14
              }
            },
            "condition": "entity_scores",
            "entity": "this"
          }
        ]
      }
    },
    "15": {
      "trigger": "location",
      "conditions": {
        "player": [
          {
            "scores": {
              "xmas_all": {
                "min": 15
              }
            },
            "condition": "entity_scores",
            "entity": "this"
          }
        ]
      }
    }
  }
}