{
  "parent": "pvp:extra/2024_year1",
  "display": {
    "icon": {
      "item": "light",
      "nbt": "{BlockStateTag:{level:\"1\"}}"
    },
    "title": {
      "text": "几乎全对"
    },
    "description": [
      {
        "text": "起码是十年老玩家。\n",
        "color": "white"
      },
      {
        "text": "据说凭此成就可以获得小红包哦~",
        "color": "gray",
        "italic": true
      }
    ],
    "frame": "challenge",
    "show_toast": true,
    "announce_to_chat": true,
    "hidden": true
  },
  "criteria": {
    "raw": {
      "trigger": "location",
      "conditions": {
        "player": [
          {
            "scores": {
              "answer_right": {
                "min": 28
              }
            },
            "condition": "entity_scores",
            "entity": "this"
          }
        ]
      }
    }
  }
}