{
  "parent": "pvp:extra/2024_year",
  "display": {
    "icon": {
      "item": "light",
      "nbt": "{BlockStateTag:{level:\"0\"}}"
    },
    "title": {
      "text": "对了一半"
    },
    "description": [
      {
        "text": "看来不是萌新。\n",
        "color": "white"
      },
      {
        "text": "有丶厉害哦。",
        "color": "gray",
        "italic": true
      }
    ],
    "frame": "goal",
    "show_toast": true,
    "announce_to_chat": true,
    "hidden": true
  },
  "criteria": {
    "raw": {
      "trigger": "location",
      "conditions": {
        "player": [
          {
            "scores": {
              "answer_right": {
                "min": 15
              }
            },
            "condition": "entity_scores",
            "entity": "this"
          }
        ]
      }
    }
  }
}