{
  "parent": "pvp:extra/diver",
  "display": {
    "icon": {
      "item": "crossbow"
    },
    "title": {
      "text": "一箭双雕"
    },
    "description": [
      {
        "text": "用一支穿云箭同时射杀两个玩家。\n",
        "color": "white"
      },
      {
        "text": "把玩家比喻成雕怪怪的。",
        "color": "gray",
        "italic": true
      }
    ],
    "frame": "task",
    "show_toast": true,
    "announce_to_chat": true,
    "hidden": true
  },
  "criteria": {
    "raw": {
      "trigger": "location",
      "conditions": {
        "player": [
          {
            "scores": {
              "extra_2players_1arrow": {
                "min": 1
              }
            },
            "condition": "entity_scores",
            "entity": "this"
          }
        ]
      }
    }
  }
}