{
  "parent": "pvp:extra/2players_1arrow",
  "display": {
    "icon": {
      "item": "light"
    },
    "title": {
      "text": "一口气全做对"
    },
    "description": [
      {
        "text": "学~霸~题~\n",
        "color": "white"
      },
      {
        "text": "在大于十个任务的你说我做突变中，成功应对了所有挑战。",
        "color": "gray",
        "italic": true
      }
    ],
    "frame": "challenge",
    "show_toast": true,
    "announce_to_chat": true,
    "hidden": true
  },
  "criteria": {
    "raw": {
      "trigger": "location",
      "conditions": {
        "player": [
          {
            "scores": {
              "hidden_answer": {
                "min": 1
              }
            },
            "condition": "entity_scores",
            "entity": "this"
          }
        ]
      }
    }
  }
}