{
  "parent": "pvp:extra/bed",
  "display": {
    "icon": {
      "item": "paper"
    },
    "title": {
      "text": "Believer"
    },
    "description": [
      {
        "text": "虔诚的人儿，\n",
        "color": "white"
      },
      {
        "text": "向主祷告。",
        "color": "gray",
        "italic": true
      }
    ],
    "frame": "task",
    "show_toast": true,
    "announce_to_chat": true,
    "hidden": true
  },
  "criteria": {
    "raw": {
      "trigger": "location",
      "conditions": {
        "player": [
          {
            "scores": {
              "extra_believer": {
                "min": 1
              }
            },
            "condition": "entity_scores",
            "entity": "this"
          }
        ]
      }
    }
  }
}