{
  "parent": "pvp:extra/believer",
  "display": {
    "icon": {
      "item": "bell"
    },
    "title": {
      "text": "丧钟为谁而鸣"
    },
    "description": [
      {
        "text": "当~\n",
        "color": "white"
      },
      {
        "text": "在战场上敲钟可不是什么好主意...",
        "color": "gray",
        "italic": true
      }
    ],
    "frame": "task",
    "show_toast": true,
    "announce_to_chat": true,
    "hidden": true
  },
  "criteria": {
    "raw": {
      "trigger": "location",
      "conditions": {
        "player": [
          {
            "scores": {
              "extra_bell": {
                "min": 1
              }
            },
            "condition": "entity_scores",
            "entity": "this"
          }
        ]
      }
    }
  }
}