{
  "criteria": {
    "2p_1a": {
      "trigger": "killed_by_crossbow",
      "conditions": {
        "victims": [
          [
            {
              "condition": "entity_properties",
              "predicate": {
                "type": "player"
              },
              "entity": "this"
            }
          ],
          [
            {
              "condition": "entity_properties",
              "predicate": {
                "type": "player"
              },
              "entity": "this"
            }
          ]
        ]
      }
    }
  },
  "requirements": [
    [
      "2p_1a"
    ]
  ],
  "rewards": {
    "function": "pvp:front/2players_1arrow"
  }
}