{
    "function": "set_nbt",
    "tag":"{display:{Name:'{\"text\":\"灿焰长剑\",\"italic\": false,\"color\":\"white\"}',Lore:['{\"text\":\"点燃被击中的生物。\",\"color\":\"gray\",\"italic\": false}','\"\"','[{\"text\":\"❤ 伤害  \",\"italic\": false,\"color\":\"red\"},{\"text\":\"6 点\",\"italic\": false,\"color\":\"white\"},{\"text\":\"     ❇ 攻速  \",\"italic\": false,\"color\":\"gold\"},{\"text\":\"较快\",\"italic\": false,\"color\":\"white\"}]','[{\"text\":\"✏ 细节  按 [\",\"color\":\"dark_gray\",\"italic\": false},{\"keybind\":\"key.drop\"}, \"] 查看详情\"]']},HideFlags:63}"
}