{
    "function": "set_nbt",
    "tag":"{display:{Name:'{\"text\":\"烁光新星\",\"italic\": false,\"color\":\"white\"}',Lore:['[{\"text\":\"按 \",\"color\":\"gray\",\"italic\": false},{\"text\":\"[\",\"color\":\"white\"},{\"keybind\":\"key.swapOffhand\",\"color\":\"white\"},{\"text\":\"]\",\"color\":\"white\"}, \" 激发一团移动的星光，对敌方造成范围伤害。\"]','[{\"text\":\"再次按 \",\"color\":\"gray\",\"italic\": false},{\"text\":\"[\",\"color\":\"white\"},{\"keybind\":\"key.swapOffhand\",\"color\":\"white\"},{\"text\":\"]\",\"color\":\"white\"}, \" 会将你传送到星光所在的位置。\"]','\"\"','[{\"text\":\"✳ 冷却  \",\"italic\": false,\"color\":\"aqua\"},{\"text\":\"6 秒 (白昼)\",\"italic\": false,\"color\":\"white\"},{\"text\":\" / 12 秒 (夜晚)\",\"italic\": false,\"color\":\"dark_gray\"}]','[{\"text\":\"✏ 细节  按 [\",\"color\":\"dark_gray\",\"italic\": false},{\"keybind\":\"key.drop\"}, \"] 查看详情\"]']},HideFlags:63}"
}