{
    "function": "set_nbt",
    "tag":"{display:{Name:'{\"text\":\"暗影精髓\",\"italic\": false}',Lore:['[{\"text\":\"按 \",\"color\":\"gray\",\"italic\": false},{\"text\":\"[\",\"color\":\"white\"},{\"keybind\":\"key.use\",\"color\":\"white\"},{\"text\":\"] \",\"color\":\"white\"},\"将其掷出。它会以直线快速飞行，\"]','[{\"text\":\"并在击中方块或生物时将你\",\"color\":\"gray\",\"italic\": false},{\"text\":\"传送\",\"underlined\": true},\"到该位置\"]','{\"text\":\"（传送并重置摔落，若目标在平台边缘则会\",\"color\":\"dark_gray\",\"italic\": false}','[{\"text\":\"传送至平台上方）\",\"color\":\"dark_gray\",\"italic\": false},{\"text\":\"。传送不会造成伤害。\",\"color\":\"gray\"}]','{\"text\":\"若目标无法到达，则会返还暗影精髓。\",\"color\":\"gray\",\"italic\": false}','\"\"','[{\"text\":\"✳ 冷却  \",\"italic\": false,\"color\":\"aqua\"},{\"text\":\"18 秒 (白昼) / \",\"italic\": false,\"color\":\"dark_gray\"},{\"text\":\"12 秒 (夜晚)\",\"italic\": false,\"color\":\"white\"}]','[{\"text\":\"⚜ 储存  \",\"italic\": false,\"color\":\"gold\"},{\"text\":\"2 枚\",\"italic\": false,\"color\":\"white\"}]','[{\"text\":\"✏ 细节  按 [\",\"color\":\"dark_gray\",\"italic\": false},{\"keybind\":\"key.drop\"}, \"] 收起详情\"]']},HideFlags:63}"
}