{
    "function": "set_nbt",
    "tag":"{display:{Name:'{\"text\":\"死神之镰\",\"italic\": false,\"color\":\"white\"}',Lore:['[{\"text\":\"按 \",\"italic\": false,\"color\":\"gray\"},{\"text\":\"[\",\"color\":\"white\"},{\"keybind\":\"key.swapOffhand\",\"color\":\"white\"},{\"text\":\"]\",\"color\":\"white\"},\" 使用一颗暗影精髓进行暗影灌注，将下一击\"]','{\"text\":\"的伤害提高到 11 点（武器冷却完成时）。\",\"color\":\"gray\",\"italic\": false}','{\"text\":\"暗影灌注最多能保留 3 秒，此后能量会自行消散，\",\"color\":\"gray\",\"italic\": false}','{\"text\":\"剩余时间会在经验槽显示。\",\"color\":\"gray\",\"italic\": false}','{\"text\":\"你可以连续进行两次灌注，剩余有效的攻击次数\",\"color\":\"gray\",\"italic\": false}','{\"text\":\"会在玩家等级处显示。\",\"color\":\"gray\",\"italic\": false}','\"\"','[{\"text\":\"❤ 伤害  \",\"italic\": false,\"color\":\"red\"},{\"text\":\"6.5 点\",\"italic\": false,\"color\":\"white\"},{\"text\":\"     ❇ 攻速  \",\"italic\": false,\"color\":\"gold\"},{\"text\":\"每秒 1.4 次\",\"italic\": false,\"color\":\"white\"}]','[{\"text\":\"✏ 细节  按 [\",\"color\":\"dark_gray\",\"italic\": false},{\"keybind\":\"key.drop\"}, \"] 收起详情\"]']},HideFlags:63}"
}