{
    "function": "set_nbt",
    "tag":"{display:{Name:'{\"text\":\"技能：暗影形态\",\"italic\": false,\"color\":\"aqua\"}',Lore:['{\"text\":\"白色代表普通形态，黑色代表暗影形态。\",\"color\":\"gray\",\"italic\": false}','[{\"text\":\"短按 \",\"italic\": false,\"color\":\"gray\"},{\"text\":\"[\",\"color\":\"white\"},{\"keybind\":\"key.sneak\",\"color\":\"white\"},{\"text\":\"]\",\"color\":\"white\"},\" 进入或脱离暗影形态，冷却\"]','{\"text\":\"只在脱离暗影形态时触发。\",\"color\":\"gray\",\"italic\": false}','{\"text\":\"攻击他人会自动脱离暗影形态。\",\"color\":\"gray\",\"italic\": false}','\"\"','[{\"text\":\"暗影形态：\",\"color\":\"white\",\"italic\": false},{\"text\":\"隐身、夜视、移动速度加倍，\",\"color\":\"gray\"}]','{\"text\":\"无法进行静息治疗。\",\"color\":\"gray\",\"italic\": false}','{\"text\":\"手持的物品、身上插着的箭并不会隐形，\",\"color\":\"gray\",\"italic\": false}','{\"text\":\"隐身时也有些许粒子可被辨认。\",\"color\":\"gray\",\"italic\": false}','\"\"','[{\"text\":\"✳ 冷却  \",\"italic\": false,\"color\":\"aqua\"},{\"text\":\"18 秒 (白昼)\",\"italic\": false,\"color\":\"white\"},{\"text\":\" / 9 秒 (夜晚)\",\"italic\": false,\"color\":\"dark_gray\"}]','[{\"text\":\"✏ 细节  按 [\",\"color\":\"dark_gray\",\"italic\": false},{\"keybind\":\"key.drop\"}, \"] 收起详情\"]']},HideFlags:63}"
}