{
    "function": "set_nbt",
    "tag":"{display:{Name:'{\"text\":\"光焰箭\",\"italic\": false}',Lore:['{\"text\":\"照亮其轨迹周围半径 4 米、落地时周围半径 7 米\",\"color\":\"gray\",\"italic\": false}','[{\"text\":\"的敌方。若被照亮，则会受到 10 秒\",\"color\":\"gray\",\"italic\": false},{\"text\":\"虚弱\",\"underlined\":true},{\"text\":\"（近战伤害\",\"color\":\"dark_gray\"}]','[{\"text\":\"-4）\",\"color\":\"dark_gray\",\"italic\": false},{\"text\":\"与\",\"color\":\"gray\"},{\"text\":\"发光\",\"underlined\":true,\"color\":\"gray\"},{\"text\":\"效果。\",\"color\":\"gray\"},{\"text\":\"\",\"color\":\"gray\",\"italic\": false},{\"text\":\"（高亮其轮廓，使隐形生物显形）\",\"color\":\"dark_gray\"}]','{\"text\":\"若被直接射中，则照亮时间延长到 15 秒，并同时被\",\"color\":\"gray\",\"italic\": false}','[{\"text\":\"\",\"color\":\"gray\",\"italic\": false},{\"text\":\"点燃\",\"underlined\":true},{\"text\":\" 4 秒。\"},{\"text\":\"（每隔 1 秒受到 1 点伤害，持续伤害类\",\"color\":\"dark_gray\"}]','{\"text\":\"效果均不叠加）\",\"color\":\"dark_gray\",\"italic\": false}','\"\"','[{\"text\":\"✳ 冷却  \",\"italic\": false,\"color\":\"aqua\"},{\"text\":\"15 秒 (白昼)\",\"italic\": false,\"color\":\"white\"},{\"text\":\" / 25 秒 (夜晚)\",\"italic\": false,\"color\":\"dark_gray\"}]','[{\"text\":\"⚜ 储存  \",\"italic\": false,\"color\":\"gold\"},{\"text\":\"2 支\",\"italic\": false,\"color\":\"white\"}]','[{\"text\":\"❤ 伤害  \",\"italic\": false,\"color\":\"red\"},{\"text\":\"9 - 16.5（满弦）+ 4（火焰）\",\"italic\": false,\"color\":\"white\"}]','[{\"text\":\"✏ 细节  按 [\",\"color\":\"dark_gray\",\"italic\": false},{\"keybind\":\"key.drop\"}, \"] 收起详情\"]']},HideFlags:63}"
}