{
    "function": "set_nbt",
    "tag": "{display:{Name:'{\"text\":\"招魂幡\",\"italic\": false,\"color\":\"white\"}',Lore:['{\"text\":\"招魂幡的冷却时间显示在经验条上。\",\"color\":\"gray\",\"italic\": false}','\"\"','{\"text\":\"当旗帜显示为“黑色苦力怕”时，\",\"color\":\"gray\",\"italic\": false}','[{\"text\":\"按 \",\"color\":\"gray\",\"italic\": false},{\"text\":\"[\",\"color\":\"white\"},{\"keybind\":\"key.swapOffhand\",\"color\":\"white\"},{\"text\":\"]\",\"color\":\"white\"},{\"text\":\" 生成，会持续追踪异队生物。\",\"color\":\"gray\",\"italic\": false}]','{\"text\":\"追踪时生成粒子，每秒移动一次。\",\"color\":\"gray\",\"italic\": false}','\"\"','[{\"text\":\"✳ 冷却  \",\"italic\": false,\"color\":\"aqua\"},{\"text\":\"12 秒 (白昼)\",\"italic\": false,\"color\":\"white\"},{\"text\":\" / 18 秒 (夜晚)\",\"italic\": false,\"color\":\"dark_gray\"}]','[{\"text\":\"❤ 伤害  \",\"italic\": false,\"color\":\"red\"},{\"text\":\"6 点\",\"italic\": false,\"color\":\"white\"},{\"text\":\"      ⌛ 持续时长  \",\"italic\": false,\"color\":\"gold\"},{\"text\":\"8 秒\",\"italic\": false,\"color\":\"white\"}]','[{\"text\":\"✏ 细节  按 [\",\"color\":\"dark_gray\",\"italic\": false},{\"keybind\":\"key.drop\"}, \"] 收起详情\"]']},HideFlags:63}"
}