{
    "function": "set_nbt",
    "tag": "{display:{Name:'{\"text\":\"就决定是你了，苦力怕！\",\"italic\": false,\"color\":\"white\"}',Lore:['[{\"text\":\"按 \",\"color\":\"gray\",\"italic\": false},{\"text\":\"[\",\"color\":\"white\"},{\"keybind\":\"key.swapOffhand\",\"color\":\"white\"},{\"text\":\"]\",\"color\":\"white\"},\" 从面前丢出一只点燃的苦力怕。\"]','\"\"','{\"text\":\"苦力怕在生成 2 秒后即爆炸，\",\"color\":\"gray\",\"italic\": false}','{\"text\":\"爆炸半径为 3 米，会误伤同队。\",\"color\":\"gray\",\"italic\": false}','{\"text\":\"半径 3 米内伤害可观，4 米外无伤害。\",\"color\":\"gray\",\"italic\": false}','{\"text\":\"可以触发辉煌裂片。\",\"color\":\"gray\",\"italic\": false}','\"\"','[{\"text\":\"✳ 冷却  \",\"italic\": false,\"color\":\"aqua\"},{\"text\":\"25 秒 (白昼) /\",\"italic\": false,\"color\":\"dark_gray\"},{\"text\":\" 20 秒 (夜晚)\",\"italic\": false,\"color\":\"white\"}]','[{\"text\":\"✏ 细节  按 [\",\"color\":\"dark_gray\",\"italic\": false},{\"keybind\":\"key.drop\"}, \"] 收起详情\"]']},HideFlags:63}"
}