{
    "function": "set_nbt",
    "tag": "{display:{Name:'{\"text\":\"铁傀儡，硬化！\",\"italic\": false,\"color\":\"white\"}',Lore:['[{\"text\":\"按 \",\"color\":\"gray\",\"italic\": false},{\"text\":\"[\",\"color\":\"white\"},{\"keybind\":\"key.swapOffhand\",\"color\":\"white\"},{\"text\":\"]\",\"color\":\"white\"},\" 在面前生成一只铁傀儡。\"]','\"\"','{\"text\":\"铁傀儡伤害为 2~6 点，\",\"color\":\"gray\",\"italic\": false}','{\"text\":\"生命值为 40 点（每秒自然流失 4 点）。\",\"color\":\"gray\",\"italic\": false}','{\"text\":\"可以触发辉煌裂片。\",\"color\":\"gray\",\"italic\": false}','\"\"','[{\"text\":\"✳ 冷却  \",\"italic\": false,\"color\":\"aqua\"},{\"text\":\"25 秒 (白昼) /\",\"italic\": false,\"color\":\"dark_gray\"},{\"text\":\" 30 秒 (夜晚)\",\"italic\": false,\"color\":\"white\"}]','[{\"text\":\"✏ 细节  按 [\",\"color\":\"dark_gray\",\"italic\": false},{\"keybind\":\"key.drop\"}, \"] 收起详情\"]']},HideFlags:63}"
}