{
    "function": "set_nbt",
    "tag": "{display:{Name:'{\"text\":\"铁傀儡，硬化！\",\"italic\": false,\"color\":\"white\"}',Lore:['[{\"text\":\"按 \",\"color\":\"gray\",\"italic\": false},{\"text\":\"[\",\"color\":\"white\"},{\"keybind\":\"key.swapOffhand\",\"color\":\"white\"},{\"text\":\"]\",\"color\":\"white\"},\" 在面前生成一只铁傀儡。\"]','\"\"','[{\"text\":\"✳ 冷却  \",\"italic\": false,\"color\":\"aqua\"},{\"text\":\"25 秒 (白昼) /\",\"italic\": false,\"color\":\"dark_gray\"},{\"text\":\" 30 秒 (夜晚)\",\"italic\": false,\"color\":\"white\"}]','[{\"text\":\"✏ 细节  按 [\",\"color\":\"dark_gray\",\"italic\": false},{\"keybind\":\"key.drop\"}, \"] 查看详情\"]']},HideFlags:63}"
}