{
    "function": "set_nbt",
    "tag": "{display:{Name:'{\"text\":\"猪猪，我们走！\",\"italic\": false,\"color\":\"white\"}',Lore:['[{\"text\":\"按 \",\"color\":\"gray\",\"italic\": false},{\"text\":\"[\",\"color\":\"white\"},{\"keybind\":\"key.swapOffhand\",\"color\":\"white\"},{\"text\":\"]\",\"color\":\"white\"},\" 在面前生成一只猪猪并骑上去。\"]','\"\"','{\"text\":\"使用后大约 1 秒，猪猪将朝准星大跳，\",\"color\":\"gray\",\"italic\": false}','{\"text\":\"猪猪不会受到摔落伤害，但在落地后死亡。\",\"color\":\"gray\",\"italic\": false}','{\"text\":\"可以触发辉煌裂片。\",\"color\":\"gray\",\"italic\": false}','\"\"','{\"text\":\"有时发现无法静息治疗，\",\"color\":\"gray\",\"italic\": false}','{\"text\":\"只需在平地上稍微下蹲一次即可。\",\"color\":\"gray\",\"italic\": false}','\"\"','[{\"text\":\"✳ 冷却  \",\"italic\": false,\"color\":\"aqua\"},{\"text\":\"20 秒\",\"italic\": false,\"color\":\"white\"}]','[{\"text\":\"✏ 细节  按 [\",\"color\":\"dark_gray\",\"italic\": false},{\"keybind\":\"key.drop\"}, \"] 收起详情\"]']},HideFlags:63}"
}