{
    "function": "set_nbt",
    "tag":"{display:{Name:'{\"text\":\"卫道士之斧\",\"italic\": false,\"color\":\"white\"}',Lore:['[{\"text\":\"按 \",\"color\":\"gray\",\"italic\": false},{\"text\":\"[\",\"color\":\"white\"},{\"keybind\":\"key.swapOffhand\",\"color\":\"white\"},{\"text\":\"]\",\"color\":\"white\"}, \" 发出一声怒吼并向前冲刺，冲刺时所受的所有\"]','{\"text\":\"伤害降低 60%，并大幅增加在地面上移动时的速度。\",\"color\":\"gray\",\"italic\": false}','{\"text\":\"冲刺剩余次数与冷却会在经验槽显示。\",\"color\":\"gray\",\"italic\": false}','\"\"','[{\"text\":\"❤ 伤害  \",\"italic\": false,\"color\":\"red\"},{\"text\":\"12 点\",\"italic\": false,\"color\":\"white\"},{\"text\":\"     ❇ 攻速  \",\"italic\": false,\"color\":\"gold\"},{\"text\":\"每秒 0.8 次\",\"italic\": false,\"color\":\"white\"}]','[{\"text\":\"✳ 冷却  \",\"italic\": false,\"color\":\"aqua\"},{\"text\":\"10 秒\",\"italic\": false,\"color\":\"white\"},{\"text\":\"     ⚜ 储存  \",\"italic\": false,\"color\":\"gold\"},{\"text\":\"3 次\",\"italic\": false,\"color\":\"white\"}]','[{\"text\":\"✏ 细节  按 [\",\"color\":\"dark_gray\",\"italic\": false},{\"keybind\":\"key.drop\"}, \"] 收起详情\"]']},HideFlags:63}"
}