{
    "function": "set_nbt",
    "tag":"{display:{Name:'{\"text\":\"幻术师之杖\",\"italic\": false,\"color\":\"white\"}',Lore:['[{\"text\":\"按 \",\"color\":\"gray\",\"italic\": false},{\"text\":\"[\",\"color\":\"white\"},{\"keybind\":\"key.swapOffhand\",\"color\":\"white\"},{\"text\":\"]\",\"color\":\"white\"}, \" 发射一颗烟雾魔弹，它会散布一片\"]','{\"text\":\"遮挡视线的烟尘，并使其中的敌人失明。\",\"color\":\"gray\",\"italic\": false}','\"\"','[{\"text\":\"✳ 冷却  \",\"italic\": false,\"color\":\"aqua\"},{\"text\":\"20 秒\",\"italic\": false,\"color\":\"white\"}]','[{\"text\":\"✏ 细节  按 [\",\"color\":\"dark_gray\",\"italic\": false},{\"keybind\":\"key.drop\"}, \"] 查看详情\"]']},HideFlags:63}"
}