{
    "function": "set_nbt",
    "tag":"{display:{Name:'{\"text\":\"掠夺者飞弹\",\"italic\": false,\"color\":\"white\"}',Lore:['[{\"text\":\"短按 \",\"color\":\"gray\",\"italic\": false},{\"text\":\"[\",\"color\":\"white\"},{\"keybind\":\"key.sneak\",\"color\":\"white\"},{\"text\":\"]\",\"color\":\"white\"}, \" 进行蓄力跳跃。\"]','\"\"','[{\"text\":\"✳ 冷却  \",\"italic\": false,\"color\":\"aqua\"},{\"text\":\"20 秒\",\"italic\": false,\"color\":\"white\"}]','[{\"text\":\"✏ 细节  按 [\",\"color\":\"dark_gray\",\"italic\": false},{\"keybind\":\"key.drop\"}, \"] 查看详情\"]']},HideFlags:63}"
    }