{
    "function": "set_nbt",
    "tag":"{display:{Name:'{\"text\":\"极速箭\",\"italic\": false}',Lore:['[{\"text\":\"为弩附加\",\"color\":\"gray\",\"italic\": false},{\"text\":\"快速装填\",\"underlined\": true},\"附魔。\"]','{\"text\":\"它的装载时间要更快一些。\",\"color\":\"gray\",\"italic\": false}','\"\"','[{\"text\":\"✳ 冷却  \",\"italic\": false,\"color\":\"aqua\"},{\"text\":\"5 秒\",\"italic\": false,\"color\":\"white\"},{\"text\":\"      ⚜ 储存  \",\"italic\": false,\"color\":\"gold\"},{\"text\":\"4 支\",\"italic\": false,\"color\":\"white\"}]','[{\"text\":\"❤ 伤害  \",\"italic\": false,\"color\":\"red\"},{\"text\":\"6 - 11 点\",\"italic\": false,\"color\":\"white\"}]','[{\"text\":\"✏ 细节  按 [\",\"color\":\"dark_gray\",\"italic\": false},{\"keybind\":\"key.drop\"}, \"] 收起详情\"]']},HideFlags:63}"
}