{
    "function": "set_nbt",
    "tag":"{display:{Name:'{\"text\":\"鞘翅\",\"italic\": false}',Lore:['[{\"text\":\"短按 \",\"color\":\"gray\",\"italic\": false},{\"text\":\"[\",\"color\":\"white\"},{\"keybind\":\"key.sneak\",\"color\":\"white\"},{\"text\":\"]\",\"color\":\"white\"}, \" 起飞。\"]','\"\"','[{\"text\":\"✳ 冷却  \",\"italic\": false,\"color\":\"aqua\"},{\"text\":\"30 秒\",\"italic\": false,\"color\":\"white\"}]','[{\"text\":\"✏ 细节  按 [\",\"color\":\"dark_gray\",\"italic\": false},{\"keybind\":\"key.drop\"}, \"] 查看详情\"]']},HideFlags:63}"
}