{
    "function": "set_nbt",
    "tag":"{display:{Name:'{\"text\":\"海雷核心\",\"italic\": false,\"color\":\"white\"}',Lore:['[{\"text\":\"按 \",\"color\":\"gray\",\"italic\": false},{\"text\":\"[\",\"color\":\"white\"},{\"keybind\":\"key.swapOffhand\",\"color\":\"white\"},{\"text\":\"]\",\"color\":\"white\"}, \" 开始 1.5 秒的吟唱，然后在当前位置召唤一个\"]','{\"text\":\"辉煌裂片。它会悬浮在原地不动，并在 23 秒后消失。\",\"color\":\"gray\",\"italic\": false}','\"\"','{\"text\":\"敌方眼中的辉煌裂片是隐形的，但能通过偶尔产生的\",\"color\":\"gray\",\"italic\": false}','{\"text\":\"白色十字粒子或发光效果确认其位置。\",\"color\":\"gray\",\"italic\": false}','{\"text\":\"它初始有 2 秒无敌时间，此后被攻击就会立即死亡。\",\"color\":\"gray\",\"italic\": false}','\"\"','{\"text\":\"它会在半径 4 米内有敌方玩家时激活，生成半径 8 米\",\"color\":\"gray\",\"italic\": false}','{\"text\":\"的雷暴区域，并在其中以 0.8 秒的间隔落下 6 道闪电，\",\"color\":\"gray\",\"italic\": false}','{\"text\":\"对其 6×6 范围内的所有生物造成 5 点伤害。\",\"color\":\"gray\",\"italic\": false}','{\"text\":\"在雷暴时，它会优先选择敌方的位置落下闪电，但如果\",\"color\":\"gray\",\"italic\": false}','{\"text\":\"雷暴区域内没有敌方，则会选择友方并导致误伤。\",\"color\":\"gray\",\"italic\": false}','\"\"','[{\"text\":\"✳ 冷却  \",\"italic\": false,\"color\":\"aqua\"},{\"text\":\"40 秒 (白昼) / \",\"italic\": false,\"color\":\"dark_gray\"},{\"text\":\"25 秒 (夜晚)\",\"italic\": false,\"color\":\"white\"}]','[{\"text\":\"✏ 细节  按 [\",\"color\":\"dark_gray\",\"italic\": false},{\"keybind\":\"key.drop\"}, \"] 收起详情\"]']},HideFlags:63}"
}