{
    "function": "set_nbt",
    "tag":"{display:{Name:'{\"text\":\"技能：水生\",\"italic\": false,\"color\":\"aqua\"}',Lore:['[{\"text\":\"入水时会自动发动，使你短暂免疫水的伤害。\",\"color\":\"gray\",\"italic\": false}]','\"\"','[{\"text\":\"✳ 冷却  \",\"italic\": false,\"color\":\"aqua\"},{\"text\":\"20 秒\",\"italic\": false,\"color\":\"white\"}]','[{\"text\":\"✏ 细节  按 [\",\"color\":\"dark_gray\",\"italic\": false},{\"keybind\":\"key.drop\"}, \"] 查看详情\"]']},HideFlags:63}"
}