{
    "criteria": {
        "any": {
            "trigger": "entity_hurt_player",
            "conditions": {
                "damage": {
                    "type": {
                        "tags": [
                            {
                                "expected": true,
                                "id": "is_fire"
                            }
                        ]
                    }
                }
            }
        }
    },
    "rewards": {
        "function": "modules:mino1/sub/0_1_fire"
    }
}