{
    "criteria": {
        "any": {
            "trigger": "entity_hurt_player",
            "conditions": {
                "damage": {
                    "taken": {
                        "max": 1.6
                    },
                    "type": {
                        "direct_entity": {
                            "player": {}
                        }
                    }
                }
            }
        }
    },
    "rewards": {
        "function": "modules:mino1/sub/0_2_hand_melee"
    }
}