{
    "criteria": {
        "any": {
            "trigger": "entity_hurt_player",
            "conditions": {
                "damage": {
                    "type": {
                        "tags": [
                            {
                                "expected": true,
                                "id": "bypasses_armor"
                            }
                        ]
                    }
                },
                "player": {
                    "effects": {
                        "wither": {}
                    }
                }
            }
        }
    },
    "rewards": {
        "function": "modules:mino1/sub/0_3_wither"
    }
}