{
    "criteria": {
        "any": {
            "trigger": "entity_hurt_player",
            "conditions": {
                "damage": {
                    "type": {
                        "direct_entity": {
                            "type": "creeper"
                        },
                        "tags": [
                            {
                                "expected": true,
                                "id": "is_explosion"
                            }
                        ]
                    }
                }
            }
        }
    },
    "rewards": {
        "function": "modules:mino1/sub/10_3_creeper"
    }
}