{
    "criteria": {
        "left": {
            "trigger": "entity_hurt_player",
            "conditions": {
                "damage": {
                    "type": {
                        "direct_entity": {
                            "equipment": {
                                "mainhand": {
                                    "items": [
                                        "netherite_hoe"
                                    ]
                                }
                            }
                        }
                    }
                }
            }
        },
        "right": {
            "trigger": "entity_hurt_player",
            "conditions": {
                "damage": {
                    "type": {
                        "direct_entity": {
                            "equipment": {
                                "offhand": {
                                    "items": [
                                        "netherite_hoe"
                                    ]
                                }
                            }
                        }
                    }
                }
            }
        }
    },
    "requirements": [
        [
            "left",
            "right"
        ]
    ],
    "rewards": {
        "function": "modules:mino1/sub/2_1_netherite_hoe"
    }
}