{
    "criteria": {
        "any": {
            "trigger": "entity_hurt_player",
            "conditions": {
                "damage": {
                    "type": {
                        "tags": [
                            {
                                "expected": true,
                                "id": "is_lightning"
                            }
                        ]
                    }
                }
            }
        }
    },
    "rewards": {
        "function": "modules:mino1/sub/4_1_thunder"
    }
}