{
    "function": "set_nbt",
    "tag": "{display:{Name:'{\"text\":\"百变符 · 书\",\"italic\": false}',Lore:['{\"text\":\"持有时免疫所有负面buff，\",\"color\":\"gray\",\"italic\": false}','[{\"text\":\"按 \",\"color\":\"gray\",\"italic\": false},{\"text\":\"[\",\"color\":\"white\"},{\"keybind\":\"key.swapOffhand\",\"color\":\"white\"},{\"text\":\"]\",\"color\":\"white\"},\" 后的充能攻击，\"]','{\"text\":\"将附带击退 2 并恢复玩家 6 点血量。\",\"color\":\"gray\",\"italic\": false}','\"\"','[{\"text\":\"❤ 伤害  \",\"italic\": false,\"color\":\"red\"},{\"text\":\"4 点\",\"italic\": false,\"color\":\"white\"}]','[{\"text\":\"✏ 细节  按 [\",\"color\":\"dark_gray\",\"italic\": false},{\"keybind\":\"key.drop\"}, \"] 也查看不了详情\"]']},HideFlags:63}"
}