{
    "function": "set_nbt",
    "tag":"{display:{Name:'{\"text\":\"火球术\",\"italic\": false}',Lore:['[{\"text\":\"按 \",\"color\":\"gray\",\"italic\": false},{\"text\":\"[\",\"color\":\"white\"},{\"keybind\":\"key.swapOffhand\",\"color\":\"white\"},{\"text\":\"]\",\"color\":\"white\"},\" 沿指针方向发射火球，\"]','{\"text\":\"火球可以持续 2 秒。\",\"color\":\"gray\",\"italic\": false}','\"\"','[{\"text\":\"✳ 冷却  \",\"italic\": false,\"color\":\"aqua\"},{\"text\":\"12 秒 (白昼) /\",\"italic\": false,\"color\":\"dark_gray\"},{\"text\":\" 10 秒 (夜晚)\",\"italic\": false,\"color\":\"white\"}]','[{\"text\":\"❤ 伤害  \",\"italic\": false,\"color\":\"red\"},{\"text\":\"1 - 12\",\"italic\": false,\"color\":\"white\"},{\"text\":\"      ⚜ 储存  \",\"italic\": false,\"color\":\"gold\"},{\"text\":\"2 颗\",\"italic\": false,\"color\":\"white\"}]','[{\"text\":\"✏ 细节  按 [\",\"color\":\"dark_gray\",\"italic\": false},{\"keybind\":\"key.drop\"}, \"] 收起详情\"]']},HideFlags:63}"
}