{
    "function": "set_nbt",
    "tag": "{display:{Name:'{\"text\":\"远程折跃\",\"italic\": false}',Lore:['[{\"text\":\"瞄准一个对手，按 \",\"color\":\"gray\",\"italic\": false},{\"text\":\"[\",\"color\":\"white\"},{\"keybind\":\"key.swapOffhand\",\"color\":\"white\"},{\"text\":\"]\",\"color\":\"white\"},\" 传送到其附近，\"]','{\"text\":\"再次使用亦可传送回来。\",\"color\":\"gray\",\"italic\": false}','\"\"','[{\"text\":\"✳ 冷却  \",\"italic\": false,\"color\":\"aqua\"},{\"text\":\"15 秒 (白昼)\",\"italic\": false,\"color\":\"white\"},{\"text\":\" / 12 秒 (夜晚)\",\"italic\": false,\"color\":\"dark_gray\"}]','[{\"text\":\"✏ 细节  按 [\",\"color\":\"dark_gray\",\"italic\": false},{\"keybind\":\"key.drop\"}, \"] 查看详情\"]']},HideFlags:63}"
}