{
    "function": "set_nbt",
    "tag": "{display:{Name:'{\"text\":\"远程折跃\",\"italic\": false}',Lore:['{\"text\":\"瞄准的对手会发光 1 秒，\",\"color\":\"gray\",\"italic\": false}','[{\"text\":\"按 \",\"color\":\"gray\",\"italic\": false},{\"text\":\"[\",\"color\":\"white\"},{\"keybind\":\"key.swapOffhand\",\"color\":\"white\"},{\"text\":\"]\",\"color\":\"white\"},\" 短暂吟唱后即传送到目标附近。\"]','{\"text\":\"传送完毕，等待一定时间后，\",\"color\":\"gray\",\"italic\": false}','{\"text\":\"再次使用可传送回来。\",\"color\":\"gray\",\"italic\": false}','\"\"','{\"text\":\"吟唱，等待和返回进度都显示在经验条上。\",\"color\":\"gray\",\"italic\": false}','\"\"','[{\"text\":\"✳ 冷却  \",\"italic\": false,\"color\":\"aqua\"},{\"text\":\"15 秒 (白昼) /\",\"italic\": false,\"color\":\"dark_gray\"},{\"text\":\" 12 秒 (夜晚)\",\"italic\": false,\"color\":\"white\"}]','[{\"text\":\"✏ 细节  按 [\",\"color\":\"dark_gray\",\"italic\": false},{\"keybind\":\"key.drop\"}, \"] 查看详情\"]']},HideFlags:63}"
}