{
  "parent": "pvp:match/1/v2_2nd",
  "display": {
    "icon": {
      "item": "iron_ingot"
    },
    "title": {
      "text": "2v2v2v2----TOP3"
    },
    "description": [
      {
        "text": "你在友谊赛2v2v2v2模式中取得了第三名的好成绩！\n",
        "color": "white"
      },
      {
        "text": "作为永远的成就收藏~",
        "color": "gray",
        "italic": true
      }
    ],
    "frame": "challenge",
    "show_toast": true,
    "announce_to_chat": true,
    "hidden": true
  },
  "criteria": {
    "raw": {
      "trigger": "location",
      "conditions": {
        "player": [
          {
            "scores": {
              "match_1_V2_3rd": {
                "min": 1
              }
            },
            "condition": "entity_scores",
            "entity": "this"
          }
        ]
      }
    }
  }
}