{
    "function": "set_nbt",
    "tag": "{display:{Name:'{\"text\":\"蜂蜜采集器\",\"italic\": false,\"color\":\"white\"}',Lore:['{\"text\":\"无需充能，经验条显示冷却。\",\"color\":\"gray\",\"italic\": false}','{\"text\":\"冷却完毕后的攻击将召唤 2 只小蜜蜂。\",\"color\":\"gray\",\"italic\": false}','{\"text\":\"小蜜蜂只能攻击玩家。\",\"color\":\"gray\",\"italic\": false}','\"\"','[{\"text\":\"✳ 冷却  \",\"italic\": false,\"color\":\"aqua\"},{\"text\":\"8 秒\",\"italic\": false,\"color\":\"white\"}]','[{\"text\":\"❤ 伤害  \",\"italic\": false,\"color\":\"red\"},{\"text\":\"2.3 点\",\"italic\": false,\"color\":\"white\"},{\"text\":\"     ❇ 攻速  \",\"italic\": false,\"color\":\"gold\"},{\"text\":\"较快\",\"italic\": false,\"color\":\"white\"}]','[{\"text\":\"✏ 细节  按 [\",\"color\":\"dark_gray\",\"italic\": false},{\"keybind\":\"key.drop\"}, \"] 查看详情\"]']},HideFlags:63}"
}