{
    "function": "set_nbt",
    "tag": "{display:{Name:'{\"text\":\"食糖啦你\",\"italic\": false,\"color\":\"white\"}',Lore:['{\"text\":\"给附近的所有实体带来速度效果，\",\"color\":\"gray\",\"italic\": false}','{\"text\":\"清除自己的虚弱效果。\",\"color\":\"gray\",\"italic\": false}','{\"text\":\"自身背后产生粒子。\",\"color\":\"gray\",\"italic\": false}','\"\"','[{\"text\":\"⚜ 储存  \",\"italic\": false,\"color\":\"gold\"},{\"text\":\"2 个\",\"italic\": false,\"color\":\"white\"},{\"text\":\"      ✳ 冷却  \",\"italic\": false,\"color\":\"aqua\"},{\"text\":\"6 秒\",\"italic\": false,\"color\":\"white\"}]','[{\"text\":\"✏ 细节  按 [\",\"color\":\"dark_gray\",\"italic\": false},{\"keybind\":\"key.drop\"}, \"] 查看详情\"]']},HideFlags:63}"
}