{
    "function": "set_nbt",
    "tag": "{display:{Name:'{\"text\":\"食糖啦你\",\"italic\": false,\"color\":\"white\"}',Lore:['{\"text\":\"给 8 格内的所有实体带来 3 秒速度 5，\",\"color\":\"gray\",\"italic\": false}','{\"text\":\"清除自己的虚弱效果。\",\"color\":\"gray\",\"italic\": false}','{\"text\":\"自身背后产生持续 3 秒的遮蔽性粒子。\",\"color\":\"gray\",\"italic\": false}','\"\"','[{\"text\":\"⚜ 储存  \",\"italic\": false,\"color\":\"gold\"},{\"text\":\"2 个\",\"italic\": false,\"color\":\"white\"},{\"text\":\"      ✳ 冷却  \",\"italic\": false,\"color\":\"aqua\"},{\"text\":\"6 秒\",\"italic\": false,\"color\":\"white\"}]','[{\"text\":\"✏ 细节  按 [\",\"color\":\"dark_gray\",\"italic\": false},{\"keybind\":\"key.drop\"}, \"] 收起详情\"]']},HideFlags:63}"
}