{
    "function": "set_nbt",
    "tag": "{display:{Name:'{\"text\":\"黏糊糊的\",\"italic\": false,\"color\":\"white\"}',Lore:['{\"text\":\"在面前生成一堵长 5 高 3 的蜂蜜块墙，\",\"color\":\"gray\",\"italic\": false}','{\"text\":\"墙只能持续 5 秒。\",\"color\":\"gray\",\"italic\": false}','\"\"','[{\"text\":\"⚜ 储存  \",\"italic\": false,\"color\":\"gold\"},{\"text\":\"1 个\",\"italic\": false,\"color\":\"white\"},{\"text\":\"      ✳ 冷却  \",\"italic\": false,\"color\":\"aqua\"},{\"text\":\"8 秒\",\"italic\": false,\"color\":\"white\"}]','[{\"text\":\"✏ 细节  按 [\",\"color\":\"dark_gray\",\"italic\": false},{\"keybind\":\"key.drop\"}, \"] 收起详情\"]']},HideFlags:63}"
}