{
    "function": "set_nbt",
    "tag": "{display:{Name:'{\"text\":\"蜜蜂坐骑\",\"italic\": false,\"color\":\"white\"}',Lore:['{\"text\":\"在头上生成一只蜜蜂，玩家指哪飞哪。\",\"color\":\"gray\",\"italic\": false}','\"\"','[{\"text\":\"⚜ 储存  \",\"italic\": false,\"color\":\"gold\"},{\"text\":\"1 个\",\"italic\": false,\"color\":\"white\"},{\"text\":\"      ✳ 冷却  \",\"italic\": false,\"color\":\"aqua\"},{\"text\":\"12 秒\",\"italic\": false,\"color\":\"white\"}]','[{\"text\":\"✏ 细节  按 [\",\"color\":\"dark_gray\",\"italic\": false},{\"keybind\":\"key.drop\"}, \"] 查看详情\"]']},HideFlags:63}"
}