{
  "parent": "pvp:class/c_0",
  "display": {
    "icon": {
      "item": "lime_glazed_terracotta"
    },
    "title": {
      "text": "突袭者 · 初窥门径"
    },
    "description": [
      {
        "text": "使用突袭者完成 10 次击杀。",
        "color": "white"
      }
    ],
    "frame": "task",
    "show_toast": true,
    "announce_to_chat": true,
    "hidden": false
  },
  "criteria": {
    "01": {
      "trigger": "location",
      "conditions": {
        "player": [
          {
            "scores": {
              "statPlayerClassKill3": {
                "min": 1
              }
            },
            "condition": "entity_scores",
            "entity": "this"
          }
        ]
      }
    },
    "02": {
      "trigger": "location",
      "conditions": {
        "player": [
          {
            "scores": {
              "statPlayerClassKill3": {
                "min": 2
              }
            },
            "condition": "entity_scores",
            "entity": "this"
          }
        ]
      }
    },
    "03": {
      "trigger": "location",
      "conditions": {
        "player": [
          {
            "scores": {
              "statPlayerClassKill3": {
                "min": 3
              }
            },
            "condition": "entity_scores",
            "entity": "this"
          }
        ]
      }
    },
    "04": {
      "trigger": "location",
      "conditions": {
        "player": [
          {
            "scores": {
              "statPlayerClassKill3": {
                "min": 4
              }
            },
            "condition": "entity_scores",
            "entity": "this"
          }
        ]
      }
    },
    "05": {
      "trigger": "location",
      "conditions": {
        "player": [
          {
            "scores": {
              "statPlayerClassKill3": {
                "min": 5
              }
            },
            "condition": "entity_scores",
            "entity": "this"
          }
        ]
      }
    },
    "06": {
      "trigger": "location",
      "conditions": {
        "player": [
          {
            "scores": {
              "statPlayerClassKill3": {
                "min": 6
              }
            },
            "condition": "entity_scores",
            "entity": "this"
          }
        ]
      }
    },
    "07": {
      "trigger": "location",
      "conditions": {
        "player": [
          {
            "scores": {
              "statPlayerClassKill3": {
                "min": 7
              }
            },
            "condition": "entity_scores",
            "entity": "this"
          }
        ]
      }
    },
    "08": {
      "trigger": "location",
      "conditions": {
        "player": [
          {
            "scores": {
              "statPlayerClassKill3": {
                "min": 8
              }
            },
            "condition": "entity_scores",
            "entity": "this"
          }
        ]
      }
    },
    "09": {
      "trigger": "location",
      "conditions": {
        "player": [
          {
            "scores": {
              "statPlayerClassKill3": {
                "min": 9
              }
            },
            "condition": "entity_scores",
            "entity": "this"
          }
        ]
      }
    },
    "10": {
      "trigger": "location",
      "conditions": {
        "player": [
          {
            "scores": {
              "statPlayerClassKill3": {
                "min": 10
              }
            },
            "condition": "entity_scores",
            "entity": "this"
          }
        ]
      }
    }
  }
}