{
  "parent": "pvp:class/c_2",
  "display": {
    "icon": {
      "item": "red_glazed_terracotta"
    },
    "title": {
      "text": "突袭者 · 驾轻就熟"
    },
    "description": [
      {
        "text": "使用突袭者完成 100 次击杀。",
        "color": "white"
      }
    ],
    "frame": "task",
    "show_toast": true,
    "announce_to_chat": true,
    "hidden": false
  },
  "criteria": {
    "01": {
      "trigger": "location",
      "conditions": {
        "player": [
          {
            "scores": {
              "statPlayerClassKill3": {
                "min": 10
              }
            },
            "condition": "entity_scores",
            "entity": "this"
          }
        ]
      }
    },
    "02": {
      "trigger": "location",
      "conditions": {
        "player": [
          {
            "scores": {
              "statPlayerClassKill3": {
                "min": 20
              }
            },
            "condition": "entity_scores",
            "entity": "this"
          }
        ]
      }
    },
    "03": {
      "trigger": "location",
      "conditions": {
        "player": [
          {
            "scores": {
              "statPlayerClassKill3": {
                "min": 30
              }
            },
            "condition": "entity_scores",
            "entity": "this"
          }
        ]
      }
    },
    "04": {
      "trigger": "location",
      "conditions": {
        "player": [
          {
            "scores": {
              "statPlayerClassKill3": {
                "min": 40
              }
            },
            "condition": "entity_scores",
            "entity": "this"
          }
        ]
      }
    },
    "05": {
      "trigger": "location",
      "conditions": {
        "player": [
          {
            "scores": {
              "statPlayerClassKill3": {
                "min": 50
              }
            },
            "condition": "entity_scores",
            "entity": "this"
          }
        ]
      }
    },
    "06": {
      "trigger": "location",
      "conditions": {
        "player": [
          {
            "scores": {
              "statPlayerClassKill3": {
                "min": 60
              }
            },
            "condition": "entity_scores",
            "entity": "this"
          }
        ]
      }
    },
    "07": {
      "trigger": "location",
      "conditions": {
        "player": [
          {
            "scores": {
              "statPlayerClassKill3": {
                "min": 70
              }
            },
            "condition": "entity_scores",
            "entity": "this"
          }
        ]
      }
    },
    "08": {
      "trigger": "location",
      "conditions": {
        "player": [
          {
            "scores": {
              "statPlayerClassKill3": {
                "min": 80
              }
            },
            "condition": "entity_scores",
            "entity": "this"
          }
        ]
      }
    },
    "09": {
      "trigger": "location",
      "conditions": {
        "player": [
          {
            "scores": {
              "statPlayerClassKill3": {
                "min": 90
              }
            },
            "condition": "entity_scores",
            "entity": "this"
          }
        ]
      }
    },
    "10": {
      "trigger": "location",
      "conditions": {
        "player": [
          {
            "scores": {
              "statPlayerClassKill3": {
                "min": 100
              }
            },
            "condition": "entity_scores",
            "entity": "this"
          }
        ]
      }
    }
  }
}