{
  "parent": "pvp:class/d_3",
  "display": {
    "icon": {
      "item": "purple_glazed_terracotta"
    },
    "title": {
      "text": "海嗣 · 炉火纯青"
    },
    "description": [
      {
        "text": "使用海嗣完成 200 次击杀。",
        "color": "white"
      }
    ],
    "frame": "challenge",
    "show_toast": true,
    "announce_to_chat": true,
    "hidden": false
  },
  "criteria": {
    "01": {
      "trigger": "location",
      "conditions": {
        "player": [
          {
            "scores": {
              "statPlayerClassKill4": {
                "min": 10
              }
            },
            "condition": "entity_scores",
            "entity": "this"
          }
        ]
      }
    },
    "02": {
      "trigger": "location",
      "conditions": {
        "player": [
          {
            "scores": {
              "statPlayerClassKill4": {
                "min": 20
              }
            },
            "condition": "entity_scores",
            "entity": "this"
          }
        ]
      }
    },
    "03": {
      "trigger": "location",
      "conditions": {
        "player": [
          {
            "scores": {
              "statPlayerClassKill4": {
                "min": 30
              }
            },
            "condition": "entity_scores",
            "entity": "this"
          }
        ]
      }
    },
    "04": {
      "trigger": "location",
      "conditions": {
        "player": [
          {
            "scores": {
              "statPlayerClassKill4": {
                "min": 40
              }
            },
            "condition": "entity_scores",
            "entity": "this"
          }
        ]
      }
    },
    "05": {
      "trigger": "location",
      "conditions": {
        "player": [
          {
            "scores": {
              "statPlayerClassKill4": {
                "min": 50
              }
            },
            "condition": "entity_scores",
            "entity": "this"
          }
        ]
      }
    },
    "06": {
      "trigger": "location",
      "conditions": {
        "player": [
          {
            "scores": {
              "statPlayerClassKill4": {
                "min": 60
              }
            },
            "condition": "entity_scores",
            "entity": "this"
          }
        ]
      }
    },
    "07": {
      "trigger": "location",
      "conditions": {
        "player": [
          {
            "scores": {
              "statPlayerClassKill4": {
                "min": 70
              }
            },
            "condition": "entity_scores",
            "entity": "this"
          }
        ]
      }
    },
    "08": {
      "trigger": "location",
      "conditions": {
        "player": [
          {
            "scores": {
              "statPlayerClassKill4": {
                "min": 80
              }
            },
            "condition": "entity_scores",
            "entity": "this"
          }
        ]
      }
    },
    "09": {
      "trigger": "location",
      "conditions": {
        "player": [
          {
            "scores": {
              "statPlayerClassKill4": {
                "min": 90
              }
            },
            "condition": "entity_scores",
            "entity": "this"
          }
        ]
      }
    },
    "10": {
      "trigger": "location",
      "conditions": {
        "player": [
          {
            "scores": {
              "statPlayerClassKill4": {
                "min": 100
              }
            },
            "condition": "entity_scores",
            "entity": "this"
          }
        ]
      }
    },
    "11": {
      "trigger": "location",
      "conditions": {
        "player": [
          {
            "scores": {
              "statPlayerClassKill4": {
                "min": 110
              }
            },
            "condition": "entity_scores",
            "entity": "this"
          }
        ]
      }
    },
    "12": {
      "trigger": "location",
      "conditions": {
        "player": [
          {
            "scores": {
              "statPlayerClassKill4": {
                "min": 120
              }
            },
            "condition": "entity_scores",
            "entity": "this"
          }
        ]
      }
    },
    "13": {
      "trigger": "location",
      "conditions": {
        "player": [
          {
            "scores": {
              "statPlayerClassKill4": {
                "min": 130
              }
            },
            "condition": "entity_scores",
            "entity": "this"
          }
        ]
      }
    },
    "14": {
      "trigger": "location",
      "conditions": {
        "player": [
          {
            "scores": {
              "statPlayerClassKill4": {
                "min": 140
              }
            },
            "condition": "entity_scores",
            "entity": "this"
          }
        ]
      }
    },
    "15": {
      "trigger": "location",
      "conditions": {
        "player": [
          {
            "scores": {
              "statPlayerClassKill4": {
                "min": 150
              }
            },
            "condition": "entity_scores",
            "entity": "this"
          }
        ]
      }
    },
    "16": {
      "trigger": "location",
      "conditions": {
        "player": [
          {
            "scores": {
              "statPlayerClassKill4": {
                "min": 160
              }
            },
            "condition": "entity_scores",
            "entity": "this"
          }
        ]
      }
    },
    "17": {
      "trigger": "location",
      "conditions": {
        "player": [
          {
            "scores": {
              "statPlayerClassKill4": {
                "min": 170
              }
            },
            "condition": "entity_scores",
            "entity": "this"
          }
        ]
      }
    },
    "18": {
      "trigger": "location",
      "conditions": {
        "player": [
          {
            "scores": {
              "statPlayerClassKill4": {
                "min": 180
              }
            },
            "condition": "entity_scores",
            "entity": "this"
          }
        ]
      }
    },
    "19": {
      "trigger": "location",
      "conditions": {
        "player": [
          {
            "scores": {
              "statPlayerClassKill4": {
                "min": 190
              }
            },
            "condition": "entity_scores",
            "entity": "this"
          }
        ]
      }
    },
    "20": {
      "trigger": "location",
      "conditions": {
        "player": [
          {
            "scores": {
              "statPlayerClassKill4": {
                "min": 200
              }
            },
            "condition": "entity_scores",
            "entity": "this"
          }
        ]
      }
    }
  }
}