{
  "parent": "pvp:class/i_5",
  "display": {
    "icon": {
      "item": "gilded_blackstone"
    },
    "title": {
      "text": "千机 · 出神入化"
    },
    "description": [
      {
        "text": "使用千机完成 1000 次击杀。",
        "color": "white"
      }
    ],
    "frame": "challenge",
    "show_toast": true,
    "announce_to_chat": true,
    "hidden": true
  },
  "criteria": {
    "01": {
      "trigger": "location",
      "conditions": {
        "player": [
          {
            "scores": {
              "statPlayerClassKill9": {
                "min": 1000
              }
            },
            "condition": "entity_scores",
            "entity": "this"
          }
        ]
      }
    }
  }
}