{
  "parent": "pvp:class/j_4",
  "display": {
    "icon": {
      "item": "black_glazed_terracotta"
    },
    "title": {
      "text": "召唤师 · 登峰造极"
    },
    "description": [
      {
        "text": "使用召唤师完成 500 次击杀。",
        "color": "white"
      }
    ],
    "frame": "challenge",
    "show_toast": true,
    "announce_to_chat": true,
    "hidden": true
  },
  "criteria": {
    "01": {
      "trigger": "location",
      "conditions": {
        "player": [
          {
            "scores": {
              "statPlayerClassKill10": {
                "min": 500
              }
            },
            "condition": "entity_scores",
            "entity": "this"
          }
        ]
      }
    }
  }
}