{
    "function": "set_nbt",
    "tag": "{display:{Name:'{\"text\":\"圣书\",\"italic\": false,\"color\":\"white\"}',Lore:['{\"text\":\"我要用书本砸你啦( •̀ ω •́ )y\",\"color\":\"gray\",\"italic\": false}','{\"text\":\"最好看一看细节，这里有很多需要了解的东西。\",\"color\":\"dark_gray\",\"italic\": false}','\"\"','[{\"text\":\"❤ 伤害  \",\"italic\": false,\"color\":\"red\"},{\"text\":\"3 点\",\"italic\": false,\"color\":\"white\"},{\"text\":\"      ❇ 攻速  \",\"italic\": false,\"color\":\"gold\"},{\"text\":\"快\",\"italic\": false,\"color\":\"white\"}]','[{\"text\":\"✏ 细节  按 [\",\"color\":\"dark_gray\",\"italic\": false},{\"keybind\":\"key.drop\"}, \"] 查看详情\"]']},HideFlags:63,title:\"创世纪第一章\",author:\"Nobody\",pages:['[{\"text\":\"1起初，神创造天地。\\\\n2地是空虚混沌。渊面黑暗。神的灵运行在水面上。\\\\n3神说，要有光，就有了光。\\\\n4神看光是好的，就把光暗分开了。\\\\n5神称光为昼，称暗为夜。有晚上，有早晨，这是头一日。\\\\n6神说，诸水之间要有空气，将水分为上下。\\\\n7神就造出空气，将空气以下的水，空气以上的水分开了。事就这样成了。\",\"bold\":false,\"italic\":false,\"underlined\":false,\"strikethrough\":false,\"obfuscated\":false}]','[{\"text\":\"8神称空气为天。有晚上，有早晨，是第二日。\\\\n9神说，天下的水要聚在一处，使旱地露出来。事就这样成了。\\\\n10神称旱地为地，称水的聚处为海。神看着是好的。\\\\n11神说，地要发生青草，和结种子的菜蔬，并结果子的树木，各从其类，果子都包着核。事就这样成了。\",\"bold\":false,\"italic\":false,\"underlined\":false,\"strikethrough\":false,\"obfuscated\":false}]','[{\"text\":\"12于是地发生了青草，和结种子的菜蔬，各从其类，并结果子的树木，各从其类，果子都包着核。神看着是好的。\\\\n13有晚上，有早晨，是第三日。\\\\n14神说，天上要有光体，可以分昼夜，作记号，定节令，日子，年岁。\\\\n15并要发光在天空，普照在地上。事就这样成了。\",\"bold\":false,\"italic\":false,\"underlined\":false,\"strikethrough\":false,\"obfuscated\":false}]','[{\"text\":\"16于是，神造了两个大光，大的管昼，小的管夜。又造众星。\\\\n17就把这些光摆列在天空，普照在地上。\\\\n18管理昼夜，分别明暗。神看着是好的。\\\\n19有晚上，有早晨，是第四日。\\\\n20神说，水要多多滋生有生命的物，要有雀鸟飞在地面以上，天空之中。\",\"bold\":false,\"italic\":false,\"underlined\":false,\"strikethrough\":false,\"obfuscated\":false}]','[{\"text\":\"21神就造出大鱼和水中所滋生各样有生命的动物，各从其类。又造出各样飞鸟，各从其类。神看着是好的。\\\\n22神就赐福给这一切，说，滋生繁多，充满海中的水。雀鸟也要多生在地上。\\\\n23有晚上，有早晨，是第五日。\\\\n24神说，地要生出活物来，各从其类。牲畜，昆虫，野兽，各从其类。事就这样成了。\",\"bold\":false,\"italic\":false,\"underlined\":false,\"strikethrough\":false,\"obfuscated\":false}]','[{\"text\":\"25于是神造出野兽，各从其类。牲畜，各从其类。地上一切昆虫，各从其类。神看着是好的。\\\\n26神说，我们要照着我们的形像，按着我们的样式造人，使他们管理海里的鱼，空中的鸟，地上的牲畜，和全地，并地上所爬的一切昆虫。\\\\n27神就照着自己的形像造人，乃是照着他的形像造男造女。\",\"bold\":false,\"italic\":false,\"underlined\":false,\"strikethrough\":false,\"obfuscated\":false}]','[{\"text\":\"28神就赐福给他们，又对他们说，要生养众多，遍满地面，治理这地。也要管理海里的鱼，空中的鸟，和地上各样行动的活物。\\\\n29神说，看哪，我将遍地上一切结种子的菜蔬和一切树上所结有核的果子，全赐给你们作食物。\\\\n30至于地上的走兽和空中的飞鸟，并各样爬在地上有生命的物，我将青草赐给它们作食物。事就这样成了。\",\"bold\":false,\"italic\":false,\"underlined\":false,\"strikethrough\":false,\"obfuscated\":false}]','[{\"text\":\"31神看着一切所造的都甚好。有晚上，有早晨，是第六日。\",\"bold\":false,\"italic\":false,\"underlined\":false,\"strikethrough\":false,\"obfuscated\":false},{\"text\":\"\\\\n\\\\n\\\\n--《创世纪》第一章\",\"bold\":true,\"italic\":false,\"underlined\":false,\"strikethrough\":false,\"obfuscated\":false,\"clickEvent\":{\"action\":\"run_command\",\"value\":\"/trigger believer_book set 756538722\"},\"hoverEvent\":{\"action\":\"show_text\",\"value\":\"点击此处进行摩挲\"}}]']}"
}