{
    "function": "set_nbt",
    "tag":"{display:{Name:'{\"text\":\"净化\",\"italic\": false,\"color\":\"white\"}',Lore:['[{\"italic\": false,\"text\":\"[\",\"color\":\"white\"},{\"keybind\":\"key.use\",\"color\":\"white\"},{\"text\":\"]\",\"color\":\"white\"},{\"text\":\"砸向你的对手！\",\"color\":\"gray\",\"italic\": false}]','{\"text\":\"接受圣光的制裁，洗刷罪恶的灵魂！\",\"color\":\"gray\",\"italic\": false}','\"\"','[{\"text\":\"ᛥ 药效  \",\"italic\": false,\"color\":\"red\"},{\"text\":\"瞬间伤害 II\",\"italic\": false,\"color\":\"white\"}]','[{\"text\":\"ᛥ 药效  \",\"italic\": false,\"color\":\"red\"},{\"text\":\"虚弱 I 缓慢 I 发光 I\",\"italic\": false,\"color\":\"white\"}]','\"\"','[{\"text\":\"⚜ 储存  \",\"italic\": false,\"color\":\"gold\"},{\"text\":\"2 瓶\",\"italic\": false,\"color\":\"white\"}]','[{\"text\":\"✳ 冷却  \",\"italic\": false,\"color\":\"aqua\"},{\"text\":\"25 秒 (白昼) /\",\"italic\": false,\"color\":\"dark_gray\"},{\"text\":\" 15 秒 (夜晚)\",\"italic\": false,\"color\":\"white\"}]','[{\"text\":\"✏ 细节  按 [\",\"color\":\"dark_gray\",\"italic\": false},{\"keybind\":\"key.drop\"}, \"] 查看详情\"]']},HideFlags:63}"
}