{
    "function": "set_nbt",
    "tag":"{display:{Name:'{\"text\":\"神圣\",\"italic\": false,\"color\":\"white\"}',Lore:['{\"text\":\"这会让你感觉好些。\",\"color\":\"gray\",\"italic\": false}','\"\"','[{\"italic\": false,\"text\":\"[\",\"color\":\"white\"},{\"keybind\":\"key.use\",\"color\":\"white\"},{\"text\":\"]\",\"color\":\"white\"},{\"text\":\"自己饮用时：\",\"color\":\"gray\",\"italic\": false}]','[{\"text\":\"ᛥ 药效  \",\"italic\": false,\"color\":\"red\"},{\"text\":\"瞬间治疗 II\",\"italic\": false,\"color\":\"white\"}]','\"\"','[{\"italic\": false,\"text\":\"[\",\"color\":\"white\"},{\"keybind\":\"key.swapOffhand\",\"color\":\"white\"},{\"text\":\"]\",\"color\":\"white\"},{\"text\":\"作用于含自己 8 格内的队友时：\",\"italic\": false,\"color\":\"gray\"}]','[{\"text\":\"ᛥ 药效  \",\"italic\": false,\"color\":\"red\"},{\"text\":\"生命恢复 III & 伤害吸收 I\",\"italic\": false,\"color\":\"white\"}]','\"\"','[{\"text\":\"⚜ 储存  \",\"italic\": false,\"color\":\"gold\"},{\"text\":\"2 瓶\",\"italic\": false,\"color\":\"white\"}]','[{\"text\":\"✳ 冷却  \",\"italic\": false,\"color\":\"aqua\"},{\"text\":\"10 秒 (白昼) /\",\"italic\": false,\"color\":\"dark_gray\"},{\"text\":\" 20 秒 (夜晚)\",\"italic\": false,\"color\":\"white\"}]','[{\"text\":\"✏ 细节  按 [\",\"color\":\"dark_gray\",\"italic\": false},{\"keybind\":\"key.drop\"}, \"] 查看详情\"]']},HideFlags:63}"
}