{
    "function": "set_nbt",
    "tag":"{display:{Name:'{\"text\":\"保护\",\"italic\": false,\"color\":\"white\"}',Lore:['{\"text\":\"有我在，你们都不会受伤。\",\"color\":\"gray\",\"italic\": false}','\"\"','[{\"text\":\"\",\"color\":\"gray\",\"italic\": false},{\"italic\": false,\"text\":\"[\",\"color\":\"white\"},{\"keybind\":\"key.use\",\"color\":\"white\"},{\"text\":\"] / [\",\"color\":\"white\"},{\"keybind\":\"key.swapOffhand\",\"color\":\"white\"},{\"text\":\"]\",\"color\":\"white\"},{\"text\":\"自己饮用时：\",\"color\":\"gray\",\"italic\": false}]','[{\"text\":\"ᛥ 药效  \",\"italic\": false,\"color\":\"red\"},{\"text\":\"抗性提升 II\",\"italic\": false,\"color\":\"white\"}]','\"\"','[{\"italic\": false,\"text\":\"[\",\"color\":\"white\"},{\"keybind\":\"key.swapOffhand\",\"color\":\"white\"},{\"text\":\"]\",\"color\":\"white\"},{\"text\":\"作用于自己外 10 格内的\",\"italic\": false,\"color\":\"gray\"},{\"text\":\"所有人\",\"italic\": false,\"color\":\"gray\",\"underlined\": true},{\"text\":\"时：\",\"italic\": false,\"color\":\"gray\"}]','[{\"text\":\"ᛥ 药效  \",\"italic\": false,\"color\":\"red\"},{\"text\":\"抗性提升 II & 缓慢 III\",\"italic\": false,\"color\":\"white\"}]','\"\"','[{\"text\":\"⚜ 储存  \",\"italic\": false,\"color\":\"gold\"},{\"text\":\"1 瓶\",\"italic\": false,\"color\":\"white\"}]','[{\"text\":\"✳ 冷却  \",\"italic\": false,\"color\":\"aqua\"},{\"text\":\"15 秒 (白昼)\",\"italic\": false,\"color\":\"white\"},{\"text\":\" / 25 秒 (夜晚)\",\"italic\": false,\"color\":\"dark_gray\"}]','[{\"text\":\"✏ 细节  按 [\",\"color\":\"dark_gray\",\"italic\": false},{\"keybind\":\"key.drop\"}, \"] 查看详情\"]']},HideFlags:63}"
}