{
    "function": "set_nbt",
    "tag":"{display:{Name:'{\"text\":\"支援\",\"italic\": false,\"color\":\"white\"}',Lore:['[{\"text\":\"按 \",\"color\":\"gray\",\"italic\": false},{\"text\":\"[\",\"color\":\"white\"},{\"keybind\":\"key.swapOffhand\",\"color\":\"white\"},{\"text\":\"]\",\"color\":\"white\"}, \" 传送到队友身边。\"]','{\"text\":\"需要的时候，我们彼此都在。\",\"color\":\"gray\",\"italic\": false}','\"\"','[{\"text\":\"⚜ 储存  \",\"italic\": false,\"color\":\"gold\"},{\"text\":\"1 枚\",\"italic\": false,\"color\":\"white\"},{\"text\":\"      ✳ 冷却  \",\"italic\": false,\"color\":\"aqua\"},{\"text\":\"40 秒\",\"italic\": false,\"color\":\"white\"}]','[{\"text\":\"✏ 细节  按 [\",\"color\":\"dark_gray\",\"italic\": false},{\"keybind\":\"key.drop\"}, \"] 查看详情\"]']},HideFlags:63}"
}