{
  "parent": "pvp:hidden/star",
  "display": {
    "icon": {
      "item": "campfire"
    },
    "title": {
      "text": "希望之火              "
    },
    "description": [
      {
        "text": "你从火焰中看到了希望。\n",
        "color": "white"
      },
      {
        "text": "篝火融化了冰雪，但只如飞蛾扑火般徒劳。",
        "color": "gray",
        "italic": true
      }
    ],
    "frame": "task",
    "show_toast": true,
    "announce_to_chat": false,
    "hidden": false
  },
  "criteria": {
    "raw": {
      "trigger": "location",
      "conditions": {
        "player": [
          {
            "scores": {
              "hidden_campfire": {
                "min": 1
              }
            },
            "condition": "entity_scores",
            "entity": "this"
          }
        ]
      }
    }
  }
}