{
  "parent": "pvp:hidden/teleport_arrow",
  "display": {
    "icon": {
      "item": "pufferfish_bucket"
    },
    "title": {
      "text": "揍我           "
    },
    "description": [
      {
        "text": "你不应该这样做。\n",
        "color": "white"
      },
      {
        "text": "它有刺。它会杀了你。",
        "color": "gray",
        "italic": true
      }
    ],
    "frame": "task",
    "show_toast": true,
    "announce_to_chat": false,
    "hidden": false
  },
  "criteria": {
    "raw": {
      "trigger": "location",
      "conditions": {
        "player": [
          {
            "scores": {
              "hidden_spike": {
                "min": 1
              }
            },
            "condition": "entity_scores",
            "entity": "this"
          }
        ]
      }
    }
  }
}