{
  "parent": "pvp:hidden/root",
  "display": {
    "icon": {
      "item": "glowstone"
    },
    "title": {
      "text": "星光绽放              "
    },
    "description": [
      {
        "text": "你站在世界的中心，成为了世界的中心。\n",
        "color": "white"
      },
      {
        "text": "耀眼的星光笔直冲入天空，池塘边的众人都想为你鼓掌。",
        "color": "gray",
        "italic": true
      }
    ],
    "frame": "task",
    "show_toast": true,
    "announce_to_chat": false,
    "hidden": false
  },
  "criteria": {
    "raw": {
      "trigger": "location",
      "conditions": {
        "player": [
          {
            "scores": {
              "hidden_star": {
                "min": 1
              }
            },
            "condition": "entity_scores",
            "entity": "this"
          }
        ]
      }
    }
  }
}