{
  "parent": "pvp:hidden/root",
  "display": {
    "icon": {
      "item": "tipped_arrow",
      "nbt": "{CustomPotionColor:1275237}"
    },
    "title": {
      "text": "一步到位              "
    },
    "description": [
      {
        "text": "你借助一道缝隙反抗了命运。\n",
        "color": "white"
      },
      {
        "text": "只有蠢货，才会为了一大块玻璃绕路。",
        "color": "gray",
        "italic": true
      }
    ],
    "frame": "task",
    "show_toast": true,
    "announce_to_chat": false,
    "hidden": false
  },
  "criteria": {
    "raw": {
      "trigger": "location",
      "conditions": {
        "player": [
          {
            "scores": {
              "hidden_arrow": {
                "min": 1
              }
            },
            "condition": "entity_scores",
            "entity": "this"
          }
        ]
      }
    }
  }
}