{
  "parent": "pvp:hidden/spike",
  "display": {
    "icon": {
      "item": "heart_of_the_sea"
    },
    "title": {
      "text": "探索之旅         "
    },
    "description": [
      {
        "text": "你试图丈量世界的尺寸。\n",
        "color": "white"
      },
      {
        "text": "大海啊，你全是水。",
        "color": "gray",
        "italic": true
      }
    ],
    "frame": "task",
    "show_toast": true,
    "announce_to_chat": false,
    "hidden": false
  },
  "criteria": {
    "raw": {
      "trigger": "location",
      "conditions": {
        "player": [
          {
            "scores": {
              "hidden_border": {
                "min": 1
              }
            },
            "condition": "entity_scores",
            "entity": "this"
          }
        ]
      }
    }
  }
}