{
  "parent": "pvp:track/class5",
  "display": {
    "icon": {
      "item": "gilded_blackstone"
    },
    "title": {
      "text": "众武之魂 · 通达"
    },
    "description": [
      {
        "text": "完成 4 个出神入化进度。",
        "color": "white"
      }
    ],
    "frame": "challenge",
    "show_toast": true,
    "announce_to_chat": true,
    "hidden": true
  },
  "criteria": {
    "01": {
      "trigger": "location",
      "conditions": {
        "player": [
          {
            "scores": {
              "pck6": {
                "min": 4
              }
            },
            "condition": "entity_scores",
            "entity": "this"
          }
        ]
      }
    }
  }
}