{
  "parent": "pvp:track/class1",
  "display": {
    "icon": {
      "item": "yellow_glazed_terracotta"
    },
    "title": {
      "text": "众武之魂 · 既成"
    },
    "description": [
      {
        "text": "完成 3 个日益精进进度。",
        "color": "white"
      }
    ],
    "frame": "task",
    "show_toast": true,
    "announce_to_chat": true,
    "hidden": false
  },
  "criteria": {
    "01": {
      "trigger": "location",
      "conditions": {
        "player": [
          {
            "scores": {
              "pck2": {
                "min": 3
              }
            },
            "condition": "entity_scores",
            "entity": "this"
          }
        ]
      }
    }
  }
}