{
  "parent": "pvp:track/combo1",
  "display": {
    "icon": {
      "item": "yellow_glazed_terracotta"
    },
    "title": {
      "text": "杀戮狂魔 · 既成"
    },
    "description": [
      {
        "text": "完成 5 次三连杀。",
        "color": "white"
      }
    ],
    "frame": "task",
    "show_toast": true,
    "announce_to_chat": true,
    "hidden": false
  },
  "criteria": {
    "01": {
      "trigger": "location",
      "conditions": {
        "player": [
          {
            "scores": {
              "statPlayerCombo3": {
                "min": 1
              }
            },
            "condition": "entity_scores",
            "entity": "this"
          }
        ]
      }
    },
    "02": {
      "trigger": "location",
      "conditions": {
        "player": [
          {
            "scores": {
              "statPlayerCombo3": {
                "min": 2
              }
            },
            "condition": "entity_scores",
            "entity": "this"
          }
        ]
      }
    },
    "03": {
      "trigger": "location",
      "conditions": {
        "player": [
          {
            "scores": {
              "statPlayerCombo3": {
                "min": 3
              }
            },
            "condition": "entity_scores",
            "entity": "this"
          }
        ]
      }
    },
    "04": {
      "trigger": "location",
      "conditions": {
        "player": [
          {
            "scores": {
              "statPlayerCombo3": {
                "min": 4
              }
            },
            "condition": "entity_scores",
            "entity": "this"
          }
        ]
      }
    },
    "05": {
      "trigger": "location",
      "conditions": {
        "player": [
          {
            "scores": {
              "statPlayerCombo3": {
                "min": 5
              }
            },
            "condition": "entity_scores",
            "entity": "this"
          }
        ]
      }
    }
  }
}