{
  "parent": "pvp:track/death2",
  "display": {
    "icon": {
      "item": "red_glazed_terracotta"
    },
    "title": {
      "text": "永不言弃 · 精熟"
    },
    "description": [
      {
        "text": "达成 100 次死亡。\n",
        "color": "white"
      },
      {
        "text": "别灰心。",
        "color": "gray",
        "italic": true
      }
    ],
    "frame": "task",
    "show_toast": true,
    "announce_to_chat": true,
    "hidden": false
  },
  "criteria": {
    "01": {
      "trigger": "location",
      "conditions": {
        "player": [
          {
            "scores": {
              "statPlayerDeathReal": {
                "min": 20
              }
            },
            "condition": "entity_scores",
            "entity": "this"
          }
        ]
      }
    },
    "02": {
      "trigger": "location",
      "conditions": {
        "player": [
          {
            "scores": {
              "statPlayerDeathReal": {
                "min": 40
              }
            },
            "condition": "entity_scores",
            "entity": "this"
          }
        ]
      }
    },
    "03": {
      "trigger": "location",
      "conditions": {
        "player": [
          {
            "scores": {
              "statPlayerDeathReal": {
                "min": 60
              }
            },
            "condition": "entity_scores",
            "entity": "this"
          }
        ]
      }
    },
    "04": {
      "trigger": "location",
      "conditions": {
        "player": [
          {
            "scores": {
              "statPlayerDeathReal": {
                "min": 80
              }
            },
            "condition": "entity_scores",
            "entity": "this"
          }
        ]
      }
    },
    "05": {
      "trigger": "location",
      "conditions": {
        "player": [
          {
            "scores": {
              "statPlayerDeathReal": {
                "min": 100
              }
            },
            "condition": "entity_scores",
            "entity": "this"
          }
        ]
      }
    }
  }
}