{
  "parent": "pvp:track/death1",
  "display": {
    "icon": {
      "item": "yellow_glazed_terracotta"
    },
    "title": {
      "text": "永不言弃 · 既成"
    },
    "description": [
      {
        "text": "达成 10 次死亡。\n",
        "color": "white"
      },
      {
        "text": "初入茅庐。",
        "color": "gray",
        "italic": true
      }
    ],
    "frame": "task",
    "show_toast": true,
    "announce_to_chat": true,
    "hidden": false
  },
  "criteria": {
    "01": {
      "trigger": "location",
      "conditions": {
        "player": [
          {
            "scores": {
              "statPlayerDeathReal": {
                "min": 5
              }
            },
            "condition": "entity_scores",
            "entity": "this"
          }
        ]
      }
    },
    "02": {
      "trigger": "location",
      "conditions": {
        "player": [
          {
            "scores": {
              "statPlayerDeathReal": {
                "min": 10
              }
            },
            "condition": "entity_scores",
            "entity": "this"
          }
        ]
      }
    }
  }
}