{
  "parent": "pvp:track/death4",
  "display": {
    "icon": {
      "item": "black_glazed_terracotta"
    },
    "title": {
      "text": "永不言弃 · 冠绝"
    },
    "description": [
      {
        "text": "达成 1000 次死亡。\n",
        "color": "white"
      },
      {
        "text": "游戏变得有趣起来了。",
        "color": "gray",
        "italic": true
      }
    ],
    "frame": "challenge",
    "show_toast": true,
    "announce_to_chat": true,
    "hidden": true
  },
  "criteria": {
    "50": {
      "trigger": "location",
      "conditions": {
        "player": [
          {
            "scores": {
              "statPlayerDeathReal": {
                "min": 1000
              }
            },
            "condition": "entity_scores",
            "entity": "this"
          }
        ]
      }
    }
  }
}