{
  "parent": "pvp:track/death6",
  "display": {
    "icon": {
      "item": "gold_block"
    },
    "title": {
      "text": "永不言弃 · 归一"
    },
    "description": [
      {
        "text": "达成 4000 次死亡。\n",
        "color": "white"
      },
      {
        "text": "“死”神の诞生。",
        "color": "gray",
        "italic": true
      }
    ],
    "frame": "challenge",
    "show_toast": true,
    "announce_to_chat": true,
    "hidden": true
  },
  "criteria": {
    "50": {
      "trigger": "location",
      "conditions": {
        "player": [
          {
            "scores": {
              "statPlayerDeathReal": {
                "min": 4000
              }
            },
            "condition": "entity_scores",
            "entity": "this"
          }
        ]
      }
    }
  }
}