{
  "parent": "pvp:track/round3",
  "display": {
    "icon": {
      "item": "purple_glazed_terracotta"
    },
    "title": {
      "text": "循环行者 · 宗师"
    },
    "description": [
      {
        "text": "完成 20 次循环。",
        "color": "white"
      }
    ],
    "frame": "challenge",
    "show_toast": true,
    "announce_to_chat": true,
    "hidden": false
  },
  "criteria": {
    "01": {
      "trigger": "location",
      "conditions": {
        "player": [
          {
            "scores": {
              "statPlayerRound": {
                "min": 1
              }
            },
            "condition": "entity_scores",
            "entity": "this"
          }
        ]
      }
    },
    "02": {
      "trigger": "location",
      "conditions": {
        "player": [
          {
            "scores": {
              "statPlayerRound": {
                "min": 2
              }
            },
            "condition": "entity_scores",
            "entity": "this"
          }
        ]
      }
    },
    "03": {
      "trigger": "location",
      "conditions": {
        "player": [
          {
            "scores": {
              "statPlayerRound": {
                "min": 3
              }
            },
            "condition": "entity_scores",
            "entity": "this"
          }
        ]
      }
    },
    "04": {
      "trigger": "location",
      "conditions": {
        "player": [
          {
            "scores": {
              "statPlayerRound": {
                "min": 4
              }
            },
            "condition": "entity_scores",
            "entity": "this"
          }
        ]
      }
    },
    "05": {
      "trigger": "location",
      "conditions": {
        "player": [
          {
            "scores": {
              "statPlayerRound": {
                "min": 5
              }
            },
            "condition": "entity_scores",
            "entity": "this"
          }
        ]
      }
    },
    "06": {
      "trigger": "location",
      "conditions": {
        "player": [
          {
            "scores": {
              "statPlayerRound": {
                "min": 6
              }
            },
            "condition": "entity_scores",
            "entity": "this"
          }
        ]
      }
    },
    "07": {
      "trigger": "location",
      "conditions": {
        "player": [
          {
            "scores": {
              "statPlayerRound": {
                "min": 7
              }
            },
            "condition": "entity_scores",
            "entity": "this"
          }
        ]
      }
    },
    "08": {
      "trigger": "location",
      "conditions": {
        "player": [
          {
            "scores": {
              "statPlayerRound": {
                "min": 8
              }
            },
            "condition": "entity_scores",
            "entity": "this"
          }
        ]
      }
    },
    "09": {
      "trigger": "location",
      "conditions": {
        "player": [
          {
            "scores": {
              "statPlayerRound": {
                "min": 9
              }
            },
            "condition": "entity_scores",
            "entity": "this"
          }
        ]
      }
    },
    "10": {
      "trigger": "location",
      "conditions": {
        "player": [
          {
            "scores": {
              "statPlayerRound": {
                "min": 10
              }
            },
            "condition": "entity_scores",
            "entity": "this"
          }
        ]
      }
    },
    "11": {
      "trigger": "location",
      "conditions": {
        "player": [
          {
            "scores": {
              "statPlayerRound": {
                "min": 11
              }
            },
            "condition": "entity_scores",
            "entity": "this"
          }
        ]
      }
    },
    "12": {
      "trigger": "location",
      "conditions": {
        "player": [
          {
            "scores": {
              "statPlayerRound": {
                "min": 12
              }
            },
            "condition": "entity_scores",
            "entity": "this"
          }
        ]
      }
    },
    "13": {
      "trigger": "location",
      "conditions": {
        "player": [
          {
            "scores": {
              "statPlayerRound": {
                "min": 13
              }
            },
            "condition": "entity_scores",
            "entity": "this"
          }
        ]
      }
    },
    "14": {
      "trigger": "location",
      "conditions": {
        "player": [
          {
            "scores": {
              "statPlayerRound": {
                "min": 14
              }
            },
            "condition": "entity_scores",
            "entity": "this"
          }
        ]
      }
    },
    "15": {
      "trigger": "location",
      "conditions": {
        "player": [
          {
            "scores": {
              "statPlayerRound": {
                "min": 15
              }
            },
            "condition": "entity_scores",
            "entity": "this"
          }
        ]
      }
    },
    "16": {
      "trigger": "location",
      "conditions": {
        "player": [
          {
            "scores": {
              "statPlayerRound": {
                "min": 16
              }
            },
            "condition": "entity_scores",
            "entity": "this"
          }
        ]
      }
    },
    "17": {
      "trigger": "location",
      "conditions": {
        "player": [
          {
            "scores": {
              "statPlayerRound": {
                "min": 17
              }
            },
            "condition": "entity_scores",
            "entity": "this"
          }
        ]
      }
    },
    "18": {
      "trigger": "location",
      "conditions": {
        "player": [
          {
            "scores": {
              "statPlayerRound": {
                "min": 18
              }
            },
            "condition": "entity_scores",
            "entity": "this"
          }
        ]
      }
    },
    "19": {
      "trigger": "location",
      "conditions": {
        "player": [
          {
            "scores": {
              "statPlayerRound": {
                "min": 19
              }
            },
            "condition": "entity_scores",
            "entity": "this"
          }
        ]
      }
    },
    "20": {
      "trigger": "location",
      "conditions": {
        "player": [
          {
            "scores": {
              "statPlayerRound": {
                "min": 20
              }
            },
            "condition": "entity_scores",
            "entity": "this"
          }
        ]
      }
    }
  }
}