{
  "parent": "pvp:track/round4",
  "display": {
    "icon": {
      "item": "black_glazed_terracotta"
    },
    "title": {
      "text": "循环行者 · 冠绝"
    },
    "description": [
      {
        "text": "完成 50 次循环。",
        "color": "white"
      }
    ],
    "frame": "challenge",
    "show_toast": true,
    "announce_to_chat": true,
    "hidden": true
  },
  "criteria": {
    "50": {
      "trigger": "location",
      "conditions": {
        "player": [
          {
            "scores": {
              "statPlayerRound": {
                "min": 50
              }
            },
            "condition": "entity_scores",
            "entity": "this"
          }
        ]
      }
    }
  }
}