{
    "criteria": {
        "left": {
            "trigger": "player_hurt_entity",
            "conditions": {
                "damage": {
                    "type": {
                        "direct_entity": {
                            "equipment": {
                                "mainhand": {
                                    "nbt": "{CustomModelData:11017}"
                                }
                            }
                        }
                    }
                }
            }
        },
        "right": {
            "trigger": "player_hurt_entity",
            "conditions": {
                "damage": {
                    "type": {
                        "direct_entity": {
                            "equipment": {
                                "offhand": {
                                    "nbt": "{CustomModelData:11017}"
                                }
                            }
                        }
                    }
                }
            }
        }
    },
    "requirements": [
        [
            "left",
            "right"
        ]
    ],
    "rewards": {
        "function": "class:11_magician/charm/weapons/3"
    }
}