{
    "function": "set_nbt",
    "tag": "{display:{Name:'{\"text\":\"剪刀，但是下界合金材质\",\"italic\": false,\"color\":\"white\"}',Lore:['[{\"text\":\"按 \",\"color\":\"gray\",\"italic\": false},{\"text\":\"[\",\"color\":\"white\"},{\"keybind\":\"key.swapOffhand\",\"color\":\"white\"},{\"text\":\"]\",\"color\":\"white\"}, \" 后攻击，将给予对手 2 秒缓慢 V，\"]','{\"text\":\"充能的第 3 次攻击将额外造成 6 点伤害。\",\"color\":\"gray\",\"italic\": false}','{\"text\":\"充能次数及冷却可在经验条上查看。\",\"color\":\"gray\",\"italic\": false}','\"\"','[{\"text\":\"✳ 冷却  \",\"italic\": false,\"color\":\"aqua\"},{\"text\":\"15 秒\",\"italic\": false,\"color\":\"white\"}]','[{\"text\":\"❤ 伤害  \",\"italic\": false,\"color\":\"red\"},{\"text\":\"3 (+ 6) 点\",\"italic\": false,\"color\":\"white\"},{\"text\":\"     ❇ 攻速  \",\"italic\": false,\"color\":\"gold\"},{\"text\":\"每秒 1.3 次\",\"italic\": false,\"color\":\"white\"}]','[{\"text\":\"✏ 细节  按 [\",\"color\":\"dark_gray\",\"italic\": false},{\"keybind\":\"key.drop\"}, \"] 收起详情\"]']},HideFlags:63}"
}