{
    "function": "set_nbt",
    "tag": "{display:{Name:'{\"text\":\"红色陷阱\",\"italic\": false,\"color\":\"white\"}',Lore:['[{\"text\":\"按 \",\"color\":\"gray\",\"italic\": false},{\"text\":\"[\",\"color\":\"white\"},{\"keybind\":\"key.swapOffhand\",\"color\":\"white\"},{\"text\":\"]\",\"color\":\"white\"}, \" 在当前位置生成一个红色陷阱。\"]','{\"text\":\"陷阱存在时间为 30 秒，将检测半径 5 米内的敌对生物。\",\"color\":\"gray\",\"italic\": false}','{\"text\":\"激发时将造成敌对生物 8 点伤害与发光 3 秒。\",\"color\":\"gray\",\"italic\": false}','\"\"','[{\"text\":\"⚜ 储存  \",\"italic\": false,\"color\":\"gold\"},{\"text\":\"1 次\",\"italic\": false,\"color\":\"white\"}]','[{\"text\":\"✳ 冷却  \",\"italic\": false,\"color\":\"aqua\"},{\"text\":\"18 秒 (白昼)\",\"italic\": false,\"color\":\"white\"},{\"text\":\" / 15 秒 (夜晚)\",\"italic\": false,\"color\":\"dark_gray\"}]','[{\"text\":\"✏ 细节  按 [\",\"color\":\"dark_gray\",\"italic\": false},{\"keybind\":\"key.drop\"}, \"] 收起详情\"]']},HideFlags:63}"
}