{
    "function": "set_nbt",
    "tag": "{display:{Name:'{\"text\":\"引爆\",\"italic\": false,\"color\":\"white\"}',Lore:['[{\"text\":\"按 \",\"color\":\"gray\",\"italic\": false},{\"text\":\"[\",\"color\":\"white\"},{\"keybind\":\"key.swapOffhand\",\"color\":\"white\"},{\"text\":\"]\",\"color\":\"white\"}, \" 引爆你在场的所有陷阱。\"]','{\"text\":\"陷阱影响范围将变为原来的 3 倍，\",\"color\":\"gray\",\"italic\": false}','{\"text\":\"但伤害将变成原来的 1/2。\",\"color\":\"gray\",\"italic\": false}','{\"text\":\"同种陷阱只能对相同实体造成一次伤害。\",\"color\":\"gray\",\"italic\": false}','\"\"','[{\"text\":\"⚜ 储存  \",\"italic\": false,\"color\":\"gold\"},{\"text\":\"1 次\",\"italic\": false,\"color\":\"white\"}]','[{\"text\":\"✳ 冷却  \",\"italic\": false,\"color\":\"aqua\"},{\"text\":\"30 秒\",\"italic\": false,\"color\":\"white\"}]','[{\"text\":\"✏ 细节  按 [\",\"color\":\"dark_gray\",\"italic\": false},{\"keybind\":\"key.drop\"}, \"] 收起详情\"]']},HideFlags:63}"
}