{
    "function": "set_nbt",
    "tag": "{display:{Name:'{\"text\":\"抓钩\",\"italic\": false,\"color\":\"white\"}',Lore:['[{\"text\":\"按 \",\"color\":\"gray\",\"italic\": false},{\"text\":\"[\",\"color\":\"white\"},{\"keybind\":\"key.use\",\"color\":\"white\"},{\"text\":\"]\",\"color\":\"white\"}, \" 抛出再收回，\"]','{\"text\":\"玩家将往浮标最后位置抛出。\",\"color\":\"gray\",\"italic\": false}','{\"text\":\"飞出去的玩家不会受到摔落伤害。\",\"color\":\"gray\",\"italic\": false}','\"\"','{\"text\":\"有时发现无法静息治疗，\",\"color\":\"gray\",\"italic\": false}','{\"text\":\"只需在平地上稍微下蹲一次即可。\",\"color\":\"gray\",\"italic\": false}','\"\"','[{\"text\":\"⚜ 储存  \",\"italic\": false,\"color\":\"gold\"},{\"text\":\"1 次\",\"italic\": false,\"color\":\"white\"}]','[{\"text\":\"✳ 冷却  \",\"italic\": false,\"color\":\"aqua\"},{\"text\":\"20 秒\",\"italic\": false,\"color\":\"white\"}]','[{\"text\":\"✏ 细节  按 [\",\"color\":\"dark_gray\",\"italic\": false},{\"keybind\":\"key.drop\"}, \"] 收起详情\"]']},HideFlags:63}"
}