{
  "parent": "pvp:rickroll/rick4",
  "display": {
    "icon": {
      "item": "tripwire_hook"
    },
    "title": {
      "text": "R i c k 解 锁"
    },
    "description": [
      {
        "text": "去那个神秘的地方，观看gif。\n",
        "color": "white"
      },
      {
        "text": "大厅里使用/trigger rick_tp。",
        "color": "gray",
        "italic": true
      }
    ],
    "frame": "challenge",
    "show_toast": true,
    "announce_to_chat": true,
    "hidden": true
  },
  "criteria": {
    "abcd": {
      "trigger": "location",
      "conditions": {
        "player": {
          "type_specific": {
            "type": "player",
            "advancements": {
              "pvp:rickroll/rick1": true,
              "pvp:rickroll/rick2": true,
              "pvp:rickroll/rick3": true,
              "pvp:rickroll/rick4": true
            }
          }
        }
      }
    }
  },
  "requirements": [
    [
      "abcd"
    ]
  ]
}