{
  "parent": "pvp:rickroll/rick3",
  "display": {
    "icon": {
      "item": "villager_spawn_egg"
    },
    "title": {
      "text": "R i c k の 身"
    },
    "description": [
      {
        "text": "你发现了一个奇怪的东西！\n",
        "color": "white"
      },
      {
        "text": "似乎能听见歌声。。",
        "color": "gray",
        "italic": true
      }
    ],
    "frame": "task",
    "show_toast": true,
    "announce_to_chat": true,
    "hidden": true
  },
  "criteria": {
    "raw": {
      "trigger": "location",
      "conditions": {
        "player": [
          {
            "scores": {
              "extra_rick_body": {
                "min": 1
              }
            },
            "condition": "entity_scores",
            "entity": "this"
          }
        ]
      }
    }
  }
}