{
  "parent": "pvp:extra/root",
  "display": {
    "icon": {
      "item": "note_block"
    },
    "title": {
      "text": "禁忌之歌"
    },
    "description": [
      ""
    ],
    "frame": "task",
    "show_toast": false,
    "announce_to_chat": false,
    "hidden": true
  },
  "criteria": {
    "a": {
      "trigger": "location",
      "conditions": {
        "player": {
          "type_specific": {
            "type": "player",
            "advancements": {
              "pvp:rickroll/rick1": true
            }
          }
        }
      }
    },
    "b": {
      "trigger": "location",
      "conditions": {
        "player": {
          "type_specific": {
            "type": "player",
            "advancements": {
              "pvp:rickroll/rick2": true
            }
          }
        }
      }
    },
    "c": {
      "trigger": "location",
      "conditions": {
        "player": {
          "type_specific": {
            "type": "player",
            "advancements": {
              "pvp:rickroll/rick3": true
            }
          }
        }
      }
    },
    "d": {
      "trigger": "location",
      "conditions": {
        "player": {
          "type_specific": {
            "type": "player",
            "advancements": {
              "pvp:rickroll/rick4": true
            }
          }
        }
      }
    }
  },
  "requirements": [
    [
      "a",
      "b",
      "c",
      "d"
    ]
  ]
}