{
    "criteria": {
        "any": {
            "trigger": "player_hurt_entity",
            "conditions": {
                "damage": {
                    "type": {
                        "direct_entity": {
                            "type": "arrow",
                            "nbt": "{Color:1275237}"
                        }
                    },
                    "blocked": false
                }
            }
        }
    },
    "rewards": {
        "function": "modules:projectile/sub/1_5_arrow"
    }
}