{
    "function": "set_nbt",
    "tag": "{display:{Name:'{\"text\":\"桃木剑\",\"italic\": false,\"color\":\"white\"}',Lore:['{\"text\":\"一把从1.8遗留下的木剑，\",\"color\":\"gray\",\"italic\": false}','[{\"text\":\"还可以按 \",\"color\":\"gray\",\"italic\": false},{\"text\":\"[\",\"color\":\"white\"},{\"keybind\":\"key.swapOffhand\",\"color\":\"white\"},{\"text\":\"]\",\"color\":\"white\"}, \" 释放剑气。\"]','\"\"','[{\"text\":\"❤ 伤害  \",\"italic\": false,\"color\":\"red\"},{\"text\":\"4.3 点\",\"italic\": false,\"color\":\"white\"},{\"text\":\"     ❇ 攻速  \",\"italic\": false,\"color\":\"gold\"},{\"text\":\"非常快\",\"italic\": false,\"color\":\"white\"}]','[{\"text\":\"✏ 细节  按 [\",\"color\":\"dark_gray\",\"italic\": false},{\"keybind\":\"key.drop\"}, \"] 查看详情\"]']},HideFlags:63}"
}