{
    "function": "set_nbt",
    "tag": "{display:{Name:'{\"text\":\"薄荷糖\",\"italic\": false,\"color\":\"white\"}',Lore:['[{\"text\":\"\",\"color\":\"gray\",\"italic\": false},{\"text\":\"这使你充满了决心。\"}]','[{\"text\":\"按 \",\"color\":\"gray\",\"italic\": false},{\"text\":\"[\",\"color\":\"white\"},{\"keybind\":\"key.swapOffhand\",\"color\":\"white\"},{\"text\":\"]\",\"color\":\"white\"}, \" 食用后等待3秒，触发时间在经验条中显示。\"]','\"\"','[{\"text\":\"ᛥ 药效  \",\"italic\": false,\"color\":\"blue\"},{\"text\":\"免疫负面效果 3s，速度II 6s\",\"italic\": false,\"color\":\"white\"}]','[{\"text\":\"❤ 恢复量  \",\"italic\": false,\"color\":\"red\"},{\"text\":\"6(恢复) + 8(额外) 点\",\"italic\": false,\"color\":\"white\"}]','[{\"text\":\"✳ 冷却  \",\"italic\": false,\"color\":\"aqua\"},{\"text\":\"20 秒 (白昼)\",\"italic\": false,\"color\":\"white\"},{\"text\":\" / 30 秒 (夜晚)\",\"italic\": false,\"color\":\"dark_gray\"}]','[{\"text\":\"✏ 细节  按 [\",\"color\":\"dark_gray\",\"italic\": false},{\"keybind\":\"key.drop\"}, \"] 收起详情\"]']},HideFlags:63}"
}